Transaction_ID,Date,Store_ID,Product_ID,Category,Quantity,Unit_Price,City,Payment_Method,Total_Amount,tx_date,tx_month,tx_weekday
1,01/01/2023,103,2751,Beauty,3,125.88,Delhi,NetBanking,377.64,01/01/2023,2023-01,Sunday
2,01/01/2023,436,3452,Beauty,5,188.46,Hyderabad,Cash,942.3,01/01/2023,2023-01,Sunday
3,01/01/2023,349,3855,Electronics,1,416.45,Mumbai,Card,416.45,01/01/2023,2023-01,Sunday
4,01/01/2023,271,2361,Home,1,324.97,Kolkata,NetBanking,324.97,01/01/2023,2023-01,Sunday
5,01/01/2023,107,3884,Electronics,4,25.66,Kolkata,Card,102.64,01/01/2023,2023-01,Sunday
6,01/01/2023,72,4512,Home,2,248.58,Delhi,NetBanking,497.16,01/01/2023,2023-01,Sunday
7,01/01/2023,189,1424,Grocery,4,444.24,Bangalore,Cash,1776.96,01/01/2023,2023-01,Sunday
8,01/01/2023,21,2489,Fashion,3,192.72,Chennai,UPI,578.16,01/01/2023,2023-01,Sunday
9,01/01/2023,103,1618,Electronics,5,348.8,Kolkata,Cash,1744,01/01/2023,2023-01,Sunday
10,01/01/2023,122,2518,Home,2,253.26,Bangalore,NetBanking,506.52,01/01/2023,2023-01,Sunday
11,01/01/2023,467,2726,Beauty,5,171.37,Mumbai,Cash,856.85,01/01/2023,2023-01,Sunday
12,01/01/2023,215,1172,Fashion,2,21.37,Kolkata,Cash,42.74,01/01/2023,2023-01,Sunday
13,01/01/2023,331,2030,Electronics,1,221.25,Delhi,NetBanking,221.25,01/01/2023,2023-01,Sunday
14,01/01/2023,459,3321,Home,4,359.06,Mumbai,Cash,1436.24,01/01/2023,2023-01,Sunday
15,01/01/2023,88,4544,Fashion,4,189.13,Mumbai,Cash,756.52,01/01/2023,2023-01,Sunday
16,01/01/2023,373,4615,Home,2,437.67,Delhi,Cash,875.34,01/01/2023,2023-01,Sunday
17,01/01/2023,100,2344,Beauty,3,211.78,Bangalore,NetBanking,635.34,01/01/2023,2023-01,Sunday
18,01/01/2023,360,4693,Electronics,4,77.86,Kolkata,Cash,311.44,01/01/2023,2023-01,Sunday
19,01/01/2023,152,2214,Home,1,335.5,Bangalore,Cash,335.5,01/01/2023,2023-01,Sunday
20,01/01/2023,131,1521,Beauty,3,236.34,Bangalore,Card,709.02,01/01/2023,2023-01,Sunday
21,01/01/2023,150,4837,Home,2,30.5,Kolkata,Card,61,01/01/2023,2023-01,Sunday
22,01/01/2023,309,3056,Beauty,2,109.79,Bangalore,UPI,219.58,01/01/2023,2023-01,Sunday
23,01/01/2023,258,1467,Grocery,1,150.96,Bangalore,UPI,150.96,01/01/2023,2023-01,Sunday
24,01/01/2023,344,2432,Fashion,5,405.9,Bangalore,UPI,2029.5,01/01/2023,2023-01,Sunday
25,01/01/2023,492,2499,Beauty,4,224.98,Hyderabad,Card,899.92,01/01/2023,2023-01,Sunday
26,01/01/2023,414,2334,Fashion,2,406.69,Delhi,UPI,813.38,01/01/2023,2023-01,Sunday
27,01/01/2023,294,3447,Beauty,2,359.94,Bangalore,Card,719.88,01/01/2023,2023-01,Sunday
28,01/01/2023,386,4675,Grocery,3,354.39,Mumbai,UPI,1063.17,01/01/2023,2023-01,Sunday
29,01/01/2023,192,1403,Beauty,2,290.53,Kolkata,UPI,581.06,01/01/2023,2023-01,Sunday
30,01/01/2023,444,1125,Home,5,230.29,Delhi,UPI,1151.45,01/01/2023,2023-01,Sunday
31,01/01/2023,277,4894,Fashion,2,100.74,Delhi,Card,201.48,01/01/2023,2023-01,Sunday
32,01/01/2023,161,1858,Electronics,4,46.65,Mumbai,NetBanking,186.6,01/01/2023,2023-01,Sunday
33,01/01/2023,460,2817,Home,2,442.8,Delhi,Card,885.6,01/01/2023,2023-01,Sunday
34,01/01/2023,314,2881,Beauty,3,452.22,Bangalore,NetBanking,1356.66,01/01/2023,2023-01,Sunday
35,01/01/2023,22,3009,Home,1,77.67,Mumbai,Cash,77.67,01/01/2023,2023-01,Sunday
36,01/01/2023,253,1533,Home,5,298.14,Mumbai,Cash,1490.7,01/01/2023,2023-01,Sunday
37,01/01/2023,236,3149,Fashion,3,362.22,Kolkata,NetBanking,1086.66,01/01/2023,2023-01,Sunday
38,01/01/2023,345,4078,Beauty,4,103.27,Chennai,UPI,413.08,01/01/2023,2023-01,Sunday
39,01/01/2023,49,2219,Fashion,1,214.98,Hyderabad,Cash,214.98,01/01/2023,2023-01,Sunday
40,01/01/2023,475,2123,Beauty,2,8.48,Delhi,NetBanking,16.96,01/01/2023,2023-01,Sunday
41,01/01/2023,59,3995,Fashion,4,368.65,Kolkata,Card,1474.6,01/01/2023,2023-01,Sunday
42,01/01/2023,170,1888,Fashion,3,12.26,Bangalore,NetBanking,36.78,01/01/2023,2023-01,Sunday
43,01/01/2023,476,4991,Beauty,4,436.86,Delhi,Cash,1747.44,01/01/2023,2023-01,Sunday
44,01/01/2023,188,1678,Electronics,2,400.27,Delhi,Cash,800.54,01/01/2023,2023-01,Sunday
45,01/01/2023,464,3973,Beauty,2,330.09,Delhi,NetBanking,660.18,01/01/2023,2023-01,Sunday
46,01/01/2023,271,1676,Home,5,109.17,Hyderabad,UPI,545.85,01/01/2023,2023-01,Sunday
47,01/01/2023,190,3084,Home,2,362.76,Bangalore,UPI,725.52,01/01/2023,2023-01,Sunday
48,01/01/2023,446,3952,Grocery,5,264.97,Delhi,Card,1324.85,01/01/2023,2023-01,Sunday
49,01/01/2023,175,2110,Beauty,2,125.71,Chennai,Card,251.42,01/01/2023,2023-01,Sunday
50,01/01/2023,446,3780,Home,2,404.13,Hyderabad,UPI,808.26,01/01/2023,2023-01,Sunday
51,01/01/2023,51,2204,Home,1,184.58,Chennai,Card,184.58,01/01/2023,2023-01,Sunday
52,01/01/2023,364,4821,Fashion,4,6.69,Delhi,UPI,26.76,01/01/2023,2023-01,Sunday
53,01/01/2023,55,4966,Fashion,1,306.31,Hyderabad,NetBanking,306.31,01/01/2023,2023-01,Sunday
54,01/01/2023,244,3730,Fashion,3,396.62,Mumbai,Card,1189.86,01/01/2023,2023-01,Sunday
55,01/01/2023,320,2220,Home,3,288.97,Chennai,Cash,866.91,01/01/2023,2023-01,Sunday
56,01/01/2023,131,3656,Grocery,1,319.99,Bangalore,NetBanking,319.99,01/01/2023,2023-01,Sunday
57,01/01/2023,485,1359,Electronics,4,153.01,Kolkata,Cash,612.04,01/01/2023,2023-01,Sunday
58,01/01/2023,307,3043,Electronics,2,162.74,Delhi,UPI,325.48,01/01/2023,2023-01,Sunday
59,01/01/2023,135,4170,Fashion,3,268.05,Bangalore,NetBanking,804.15,01/01/2023,2023-01,Sunday
60,01/01/2023,21,2868,Electronics,5,55.75,Kolkata,UPI,278.75,01/01/2023,2023-01,Sunday
61,01/01/2023,329,4798,Home,5,487.79,Delhi,Cash,2438.95,01/01/2023,2023-01,Sunday
62,01/01/2023,167,4438,Fashion,2,48.67,Bangalore,NetBanking,97.34,01/01/2023,2023-01,Sunday
63,01/01/2023,274,4376,Home,1,333.28,Bangalore,Cash,333.28,01/01/2023,2023-01,Sunday
64,01/01/2023,388,4481,Fashion,2,33.87,Bangalore,Cash,67.74,01/01/2023,2023-01,Sunday
65,01/01/2023,89,2057,Electronics,2,256.13,Hyderabad,Card,512.26,01/01/2023,2023-01,Sunday
66,01/01/2023,316,1685,Grocery,4,429.43,Bangalore,UPI,1717.72,01/01/2023,2023-01,Sunday
67,01/01/2023,14,3021,Fashion,1,370.43,Hyderabad,UPI,370.43,01/01/2023,2023-01,Sunday
68,01/01/2023,242,1730,Grocery,4,161.73,Chennai,NetBanking,646.92,01/01/2023,2023-01,Sunday
69,01/01/2023,265,3485,Electronics,5,475.15,Chennai,NetBanking,2375.75,01/01/2023,2023-01,Sunday
70,01/01/2023,346,1037,Beauty,2,314.18,Kolkata,Card,628.36,01/01/2023,2023-01,Sunday
71,01/01/2023,53,2142,Beauty,2,417.88,Mumbai,NetBanking,835.76,01/01/2023,2023-01,Sunday
72,01/01/2023,386,3161,Fashion,5,174.84,Mumbai,Card,874.2,01/01/2023,2023-01,Sunday
73,01/01/2023,340,3696,Grocery,1,459.61,Delhi,Cash,459.61,01/01/2023,2023-01,Sunday
74,01/01/2023,92,2597,Beauty,5,24.86,Kolkata,NetBanking,124.3,01/01/2023,2023-01,Sunday
75,01/01/2023,367,4441,Fashion,1,473.39,Hyderabad,Card,473.39,01/01/2023,2023-01,Sunday
76,01/01/2023,444,3105,Beauty,3,74.8,Hyderabad,UPI,224.4,01/01/2023,2023-01,Sunday
77,01/01/2023,455,3748,Grocery,5,233.63,Hyderabad,Card,1168.15,01/01/2023,2023-01,Sunday
78,01/01/2023,428,2872,Home,5,234.92,Mumbai,Card,1174.6,01/01/2023,2023-01,Sunday
79,01/01/2023,264,1504,Beauty,5,88.47,Mumbai,Card,442.35,01/01/2023,2023-01,Sunday
80,01/01/2023,431,3680,Electronics,5,495.45,Hyderabad,UPI,2477.25,01/01/2023,2023-01,Sunday
81,01/01/2023,35,4558,Fashion,5,157.09,Bangalore,Card,785.45,01/01/2023,2023-01,Sunday
82,01/01/2023,206,2301,Beauty,1,65.91,Chennai,Cash,65.91,01/01/2023,2023-01,Sunday
83,01/01/2023,81,3957,Grocery,2,77.38,Bangalore,NetBanking,154.76,01/01/2023,2023-01,Sunday
84,01/01/2023,420,3763,Grocery,1,177.88,Kolkata,NetBanking,177.88,01/01/2023,2023-01,Sunday
85,01/01/2023,50,2744,Grocery,3,394.16,Hyderabad,NetBanking,1182.48,01/01/2023,2023-01,Sunday
86,01/01/2023,360,2932,Home,5,176.71,Chennai,Cash,883.55,01/01/2023,2023-01,Sunday
87,01/01/2023,388,3857,Beauty,4,202.5,Hyderabad,Card,810,01/01/2023,2023-01,Sunday
88,01/01/2023,2,1537,Home,5,353.28,Delhi,Cash,1766.4,01/01/2023,2023-01,Sunday
89,01/01/2023,390,3137,Electronics,1,17.48,Delhi,Cash,17.48,01/01/2023,2023-01,Sunday
90,01/01/2023,54,3480,Beauty,1,344.42,Kolkata,NetBanking,344.42,01/01/2023,2023-01,Sunday
91,01/01/2023,106,4360,Fashion,2,461.74,Mumbai,UPI,923.48,01/01/2023,2023-01,Sunday
92,01/01/2023,260,3070,Beauty,2,96.06,Hyderabad,UPI,192.12,01/01/2023,2023-01,Sunday
93,01/01/2023,310,4631,Grocery,3,301.58,Bangalore,NetBanking,904.74,01/01/2023,2023-01,Sunday
94,01/01/2023,477,2174,Home,2,58,Chennai,UPI,116,01/01/2023,2023-01,Sunday
95,01/01/2023,191,4610,Home,4,476.24,Kolkata,NetBanking,1904.96,01/01/2023,2023-01,Sunday
96,01/01/2023,402,1974,Home,1,100.01,Mumbai,Card,100.01,01/01/2023,2023-01,Sunday
97,01/01/2023,218,2293,Beauty,2,215.39,Hyderabad,UPI,430.78,01/01/2023,2023-01,Sunday
98,01/01/2023,44,3410,Electronics,3,181.7,Kolkata,Card,545.1,01/01/2023,2023-01,Sunday
99,01/01/2023,162,1770,Fashion,1,475.81,Chennai,NetBanking,475.81,01/01/2023,2023-01,Sunday
100,01/01/2023,202,2691,Electronics,2,320.05,Hyderabad,UPI,640.1,01/01/2023,2023-01,Sunday
101,01/01/2023,446,3138,Electronics,1,153.52,Mumbai,UPI,153.52,01/01/2023,2023-01,Sunday
102,01/01/2023,484,2918,Home,5,332.43,Bangalore,UPI,1662.15,01/01/2023,2023-01,Sunday
103,01/01/2023,270,1364,Electronics,5,487.77,Bangalore,NetBanking,2438.85,01/01/2023,2023-01,Sunday
104,01/01/2023,351,4752,Fashion,1,343.5,Bangalore,UPI,343.5,01/01/2023,2023-01,Sunday
105,01/01/2023,304,1231,Electronics,2,349.34,Chennai,Card,698.68,01/01/2023,2023-01,Sunday
106,01/01/2023,271,3357,Electronics,1,304.86,Mumbai,Cash,304.86,01/01/2023,2023-01,Sunday
107,01/01/2023,456,1443,Electronics,4,29.42,Chennai,UPI,117.68,01/01/2023,2023-01,Sunday
108,01/01/2023,462,1516,Grocery,4,327.68,Kolkata,NetBanking,1310.72,01/01/2023,2023-01,Sunday
109,01/01/2023,215,3433,Home,4,98.2,Bangalore,Cash,392.8,01/01/2023,2023-01,Sunday
110,01/01/2023,252,3342,Fashion,3,47.6,Hyderabad,Cash,142.8,01/01/2023,2023-01,Sunday
111,01/01/2023,190,2674,Home,2,223.78,Chennai,UPI,447.56,01/01/2023,2023-01,Sunday
112,01/01/2023,296,4882,Grocery,5,143.91,Bangalore,Cash,719.55,01/01/2023,2023-01,Sunday
113,01/01/2023,213,3583,Fashion,1,311.71,Bangalore,NetBanking,311.71,01/01/2023,2023-01,Sunday
114,01/01/2023,208,1734,Electronics,4,329.29,Hyderabad,NetBanking,1317.16,01/01/2023,2023-01,Sunday
115,01/01/2023,237,4728,Home,2,169.11,Chennai,Card,338.22,01/01/2023,2023-01,Sunday
116,01/01/2023,338,1212,Home,2,488.89,Chennai,Card,977.78,01/01/2023,2023-01,Sunday
117,01/01/2023,367,4108,Electronics,2,82.64,Kolkata,UPI,165.28,01/01/2023,2023-01,Sunday
118,01/01/2023,53,4317,Beauty,2,344.8,Kolkata,NetBanking,689.6,01/01/2023,2023-01,Sunday
119,01/01/2023,280,3053,Beauty,3,15.99,Hyderabad,UPI,47.97,01/01/2023,2023-01,Sunday
120,01/01/2023,410,2039,Fashion,1,166.42,Kolkata,Cash,166.42,01/01/2023,2023-01,Sunday
121,01/01/2023,217,2695,Fashion,5,346.66,Hyderabad,NetBanking,1733.3,01/01/2023,2023-01,Sunday
122,01/01/2023,252,2255,Grocery,5,449.1,Kolkata,UPI,2245.5,01/01/2023,2023-01,Sunday
123,01/01/2023,188,3245,Electronics,3,330.92,Bangalore,UPI,992.76,01/01/2023,2023-01,Sunday
124,01/01/2023,380,4285,Home,2,436.91,Kolkata,Card,873.82,01/01/2023,2023-01,Sunday
125,01/01/2023,493,1506,Grocery,1,499.72,Hyderabad,Card,499.72,01/01/2023,2023-01,Sunday
126,01/01/2023,41,3762,Beauty,4,403.6,Delhi,UPI,1614.4,01/01/2023,2023-01,Sunday
127,01/01/2023,157,4428,Grocery,5,330.88,Kolkata,Cash,1654.4,01/01/2023,2023-01,Sunday
128,01/01/2023,15,3759,Electronics,1,149.22,Bangalore,UPI,149.22,01/01/2023,2023-01,Sunday
129,01/01/2023,301,2382,Fashion,4,467.05,Mumbai,UPI,1868.2,01/01/2023,2023-01,Sunday
130,01/01/2023,65,2991,Home,3,164.46,Chennai,NetBanking,493.38,01/01/2023,2023-01,Sunday
131,01/01/2023,345,2020,Beauty,3,281.66,Chennai,UPI,844.98,01/01/2023,2023-01,Sunday
132,01/01/2023,327,4793,Home,1,206.56,Chennai,UPI,206.56,01/01/2023,2023-01,Sunday
133,01/01/2023,9,1378,Home,5,112.77,Delhi,Card,563.85,01/01/2023,2023-01,Sunday
134,01/01/2023,344,1058,Grocery,1,262.56,Delhi,NetBanking,262.56,01/01/2023,2023-01,Sunday
135,01/01/2023,129,4030,Beauty,4,232.68,Mumbai,Cash,930.72,01/01/2023,2023-01,Sunday
136,01/01/2023,492,1319,Electronics,2,399.73,Mumbai,UPI,799.46,01/01/2023,2023-01,Sunday
137,01/01/2023,136,2478,Electronics,2,212.62,Chennai,Card,425.24,01/01/2023,2023-01,Sunday
138,01/01/2023,472,4364,Beauty,1,458.57,Mumbai,Card,458.57,01/01/2023,2023-01,Sunday
139,01/01/2023,63,4301,Grocery,5,103.75,Hyderabad,Cash,518.75,01/01/2023,2023-01,Sunday
140,01/01/2023,139,3925,Beauty,2,240.81,Kolkata,Cash,481.62,01/01/2023,2023-01,Sunday
141,01/01/2023,499,2240,Grocery,4,103.68,Delhi,UPI,414.72,01/01/2023,2023-01,Sunday
142,01/01/2023,81,2948,Electronics,3,333.58,Kolkata,UPI,1000.74,01/01/2023,2023-01,Sunday
143,01/01/2023,392,2202,Electronics,2,377.69,Mumbai,NetBanking,755.38,01/01/2023,2023-01,Sunday
144,01/01/2023,163,4305,Home,1,61.78,Kolkata,Cash,61.78,01/01/2023,2023-01,Sunday
145,01/01/2023,419,2402,Beauty,1,125.09,Delhi,Card,125.09,01/01/2023,2023-01,Sunday
146,01/01/2023,289,2723,Fashion,2,496.51,Mumbai,UPI,993.02,01/01/2023,2023-01,Sunday
147,01/01/2023,379,2614,Grocery,4,461.88,Delhi,Card,1847.52,01/01/2023,2023-01,Sunday
148,01/01/2023,261,1422,Grocery,1,266.19,Bangalore,Cash,266.19,01/01/2023,2023-01,Sunday
149,01/01/2023,490,2191,Electronics,4,364.57,Hyderabad,UPI,1458.28,01/01/2023,2023-01,Sunday
150,01/01/2023,231,1893,Fashion,3,172.88,Hyderabad,NetBanking,518.64,01/01/2023,2023-01,Sunday
151,01/01/2023,41,2599,Grocery,5,480.74,Delhi,Cash,2403.7,01/01/2023,2023-01,Sunday
152,01/01/2023,28,3922,Home,2,190.52,Kolkata,NetBanking,381.04,01/01/2023,2023-01,Sunday
153,01/01/2023,135,1450,Fashion,5,77.81,Mumbai,Cash,389.05,01/01/2023,2023-01,Sunday
154,01/01/2023,201,3154,Fashion,2,397.07,Kolkata,Cash,794.14,01/01/2023,2023-01,Sunday
155,01/01/2023,328,3238,Fashion,2,157.12,Chennai,NetBanking,314.24,01/01/2023,2023-01,Sunday
156,01/01/2023,268,3356,Beauty,5,413.98,Delhi,Card,2069.9,01/01/2023,2023-01,Sunday
157,01/01/2023,418,1504,Beauty,4,74.21,Chennai,UPI,296.84,01/01/2023,2023-01,Sunday
158,01/01/2023,33,2390,Beauty,4,138.53,Bangalore,Card,554.12,01/01/2023,2023-01,Sunday
159,01/01/2023,48,3218,Electronics,4,443.86,Hyderabad,Cash,1775.44,01/01/2023,2023-01,Sunday
160,01/01/2023,407,4634,Electronics,1,470.49,Chennai,Card,470.49,01/01/2023,2023-01,Sunday
161,01/01/2023,62,2210,Beauty,1,475.41,Bangalore,Card,475.41,01/01/2023,2023-01,Sunday
162,01/01/2023,216,4090,Electronics,3,106.06,Kolkata,NetBanking,318.18,01/01/2023,2023-01,Sunday
163,01/01/2023,293,2422,Grocery,4,99.72,Kolkata,Cash,398.88,01/01/2023,2023-01,Sunday
164,01/01/2023,99,4234,Grocery,4,427.54,Bangalore,NetBanking,1710.16,01/01/2023,2023-01,Sunday
165,01/01/2023,172,1201,Fashion,3,287.05,Kolkata,UPI,861.15,01/01/2023,2023-01,Sunday
166,01/01/2023,360,3381,Home,3,269.42,Kolkata,Card,808.26,01/01/2023,2023-01,Sunday
167,01/01/2023,214,1732,Grocery,1,424.99,Delhi,Cash,424.99,01/01/2023,2023-01,Sunday
168,01/01/2023,475,3244,Electronics,2,48.26,Hyderabad,Card,96.52,01/01/2023,2023-01,Sunday
169,01/01/2023,35,1658,Grocery,3,212.39,Bangalore,NetBanking,637.17,01/01/2023,2023-01,Sunday
170,01/01/2023,449,1109,Electronics,2,13.89,Kolkata,UPI,27.78,01/01/2023,2023-01,Sunday
171,01/01/2023,227,3879,Beauty,4,134,Kolkata,Card,536,01/01/2023,2023-01,Sunday
172,01/01/2023,101,4294,Grocery,4,102.3,Bangalore,NetBanking,409.2,01/01/2023,2023-01,Sunday
173,01/01/2023,431,4577,Fashion,4,90.33,Bangalore,UPI,361.32,01/01/2023,2023-01,Sunday
174,01/01/2023,462,1219,Home,2,222.02,Chennai,NetBanking,444.04,01/01/2023,2023-01,Sunday
175,01/01/2023,131,4403,Home,4,138.79,Bangalore,NetBanking,555.16,01/01/2023,2023-01,Sunday
176,01/01/2023,257,1873,Electronics,1,347.38,Chennai,NetBanking,347.38,01/01/2023,2023-01,Sunday
177,01/01/2023,5,3238,Electronics,3,444.46,Mumbai,NetBanking,1333.38,01/01/2023,2023-01,Sunday
178,01/01/2023,218,3981,Fashion,4,115.1,Chennai,UPI,460.4,01/01/2023,2023-01,Sunday
179,01/01/2023,255,3795,Beauty,1,376.35,Kolkata,Cash,376.35,01/01/2023,2023-01,Sunday
180,01/01/2023,398,2663,Electronics,5,162.65,Delhi,UPI,813.25,01/01/2023,2023-01,Sunday
181,01/01/2023,359,2588,Grocery,1,276.82,Delhi,UPI,276.82,01/01/2023,2023-01,Sunday
182,01/01/2023,283,3486,Fashion,3,367.7,Delhi,Card,1103.1,01/01/2023,2023-01,Sunday
183,01/01/2023,393,1099,Home,4,93.77,Mumbai,NetBanking,375.08,01/01/2023,2023-01,Sunday
184,01/01/2023,207,3749,Home,2,440.64,Mumbai,Cash,881.28,01/01/2023,2023-01,Sunday
185,01/01/2023,15,4090,Home,3,465.66,Mumbai,Cash,1396.98,01/01/2023,2023-01,Sunday
186,01/01/2023,346,3653,Fashion,3,347.29,Delhi,UPI,1041.87,01/01/2023,2023-01,Sunday
187,01/01/2023,42,3695,Home,2,327.16,Chennai,NetBanking,654.32,01/01/2023,2023-01,Sunday
188,01/01/2023,380,3206,Electronics,4,179.27,Bangalore,Cash,717.08,01/01/2023,2023-01,Sunday
189,01/01/2023,461,4680,Fashion,3,414.49,Mumbai,UPI,1243.47,01/01/2023,2023-01,Sunday
190,01/01/2023,179,4823,Electronics,5,334.45,Hyderabad,UPI,1672.25,01/01/2023,2023-01,Sunday
191,01/01/2023,63,1513,Grocery,4,401.24,Mumbai,Card,1604.96,01/01/2023,2023-01,Sunday
192,01/01/2023,352,4336,Beauty,4,158.79,Kolkata,UPI,635.16,01/01/2023,2023-01,Sunday
193,01/01/2023,231,3789,Fashion,1,471.87,Kolkata,UPI,471.87,01/01/2023,2023-01,Sunday
194,01/01/2023,241,4430,Fashion,4,339.64,Delhi,Cash,1358.56,01/01/2023,2023-01,Sunday
195,01/01/2023,52,3177,Grocery,4,300.21,Hyderabad,Card,1200.84,01/01/2023,2023-01,Sunday
196,01/01/2023,96,3201,Fashion,3,322.48,Kolkata,Cash,967.44,01/01/2023,2023-01,Sunday
197,01/01/2023,388,1609,Electronics,1,253.48,Bangalore,Cash,253.48,01/01/2023,2023-01,Sunday
198,01/01/2023,222,1990,Home,1,205.24,Mumbai,UPI,205.24,01/01/2023,2023-01,Sunday
199,01/01/2023,485,2237,Electronics,5,193.76,Hyderabad,Card,968.8,01/01/2023,2023-01,Sunday
200,01/01/2023,407,2164,Electronics,4,93.68,Chennai,NetBanking,374.72,01/01/2023,2023-01,Sunday
201,01/01/2023,231,2719,Beauty,3,42.05,Bangalore,NetBanking,126.15,01/01/2023,2023-01,Sunday
202,01/01/2023,237,3740,Grocery,3,428.39,Mumbai,NetBanking,1285.17,01/01/2023,2023-01,Sunday
203,01/01/2023,143,3257,Electronics,5,159.68,Hyderabad,UPI,798.4,01/01/2023,2023-01,Sunday
204,01/01/2023,171,3458,Electronics,5,270,Mumbai,UPI,1350,01/01/2023,2023-01,Sunday
205,01/01/2023,29,1635,Home,5,427.98,Mumbai,Card,2139.9,01/01/2023,2023-01,Sunday
206,01/01/2023,36,2223,Beauty,3,233.07,Kolkata,Cash,699.21,01/01/2023,2023-01,Sunday
207,01/01/2023,13,4877,Fashion,2,88.3,Hyderabad,UPI,176.6,01/01/2023,2023-01,Sunday
208,01/01/2023,160,2962,Beauty,3,12.41,Kolkata,Cash,37.23,01/01/2023,2023-01,Sunday
209,01/01/2023,327,1300,Beauty,3,398.2,Kolkata,NetBanking,1194.6,01/01/2023,2023-01,Sunday
210,01/01/2023,187,3549,Beauty,2,427.07,Bangalore,Card,854.14,01/01/2023,2023-01,Sunday
211,01/01/2023,243,1493,Electronics,1,283.96,Chennai,NetBanking,283.96,01/01/2023,2023-01,Sunday
212,01/01/2023,86,2065,Beauty,1,243.86,Hyderabad,NetBanking,243.86,01/01/2023,2023-01,Sunday
213,01/01/2023,284,4372,Beauty,2,252.97,Kolkata,Cash,505.94,01/01/2023,2023-01,Sunday
214,01/01/2023,66,2779,Electronics,4,284.45,Hyderabad,NetBanking,1137.8,01/01/2023,2023-01,Sunday
215,01/01/2023,170,3048,Beauty,1,394.47,Kolkata,UPI,394.47,01/01/2023,2023-01,Sunday
216,01/01/2023,45,4000,Home,3,323.08,Mumbai,Card,969.24,01/01/2023,2023-01,Sunday
217,01/01/2023,62,4874,Electronics,1,28.35,Chennai,UPI,28.35,01/01/2023,2023-01,Sunday
218,01/01/2023,441,1183,Grocery,4,262.33,Hyderabad,Cash,1049.32,01/01/2023,2023-01,Sunday
219,01/01/2023,134,4725,Fashion,1,214.71,Delhi,NetBanking,214.71,01/01/2023,2023-01,Sunday
220,01/01/2023,284,3566,Grocery,2,162.87,Bangalore,Cash,325.74,01/01/2023,2023-01,Sunday
221,01/01/2023,28,2729,Home,3,13.14,Mumbai,Cash,39.42,01/01/2023,2023-01,Sunday
222,01/01/2023,108,1582,Home,3,203.41,Bangalore,Cash,610.23,01/01/2023,2023-01,Sunday
223,01/01/2023,44,2286,Fashion,2,99.09,Mumbai,NetBanking,198.18,01/01/2023,2023-01,Sunday
224,01/01/2023,340,1516,Home,1,279.99,Delhi,Card,279.99,01/01/2023,2023-01,Sunday
225,01/01/2023,286,2018,Fashion,2,225.65,Delhi,Card,451.3,01/01/2023,2023-01,Sunday
226,01/01/2023,446,1434,Fashion,1,40.34,Chennai,NetBanking,40.34,01/01/2023,2023-01,Sunday
227,01/01/2023,331,1511,Electronics,1,426.12,Mumbai,UPI,426.12,01/01/2023,2023-01,Sunday
228,01/01/2023,128,1575,Beauty,5,383.07,Hyderabad,NetBanking,1915.35,01/01/2023,2023-01,Sunday
229,01/01/2023,348,2074,Beauty,3,281.27,Bangalore,Cash,843.81,01/01/2023,2023-01,Sunday
230,01/01/2023,473,4059,Home,1,285.39,Kolkata,Cash,285.39,01/01/2023,2023-01,Sunday
231,01/01/2023,231,4758,Grocery,1,277.14,Mumbai,NetBanking,277.14,01/01/2023,2023-01,Sunday
232,01/01/2023,190,1295,Electronics,5,464.42,Mumbai,UPI,2322.1,01/01/2023,2023-01,Sunday
233,01/01/2023,225,4143,Grocery,1,380.91,Delhi,Card,380.91,01/01/2023,2023-01,Sunday
234,01/01/2023,385,4798,Electronics,5,52.27,Hyderabad,UPI,261.35,01/01/2023,2023-01,Sunday
235,01/01/2023,377,4829,Grocery,4,282.5,Bangalore,NetBanking,1130,01/01/2023,2023-01,Sunday
236,01/01/2023,283,1670,Home,1,338.59,Bangalore,Card,338.59,01/01/2023,2023-01,Sunday
237,01/01/2023,446,2362,Grocery,3,260.47,Delhi,Cash,781.41,01/01/2023,2023-01,Sunday
238,01/01/2023,121,3105,Beauty,2,122.12,Chennai,Card,244.24,01/01/2023,2023-01,Sunday
239,01/01/2023,116,1475,Home,1,483.04,Delhi,NetBanking,483.04,01/01/2023,2023-01,Sunday
240,01/01/2023,461,4096,Beauty,1,137.64,Hyderabad,UPI,137.64,01/01/2023,2023-01,Sunday
241,01/01/2023,233,1504,Electronics,1,124.46,Mumbai,Cash,124.46,01/01/2023,2023-01,Sunday
242,01/01/2023,259,4232,Fashion,3,349.94,Kolkata,NetBanking,1049.82,01/01/2023,2023-01,Sunday
243,01/01/2023,359,3597,Electronics,2,491.24,Bangalore,NetBanking,982.48,01/01/2023,2023-01,Sunday
244,01/01/2023,198,4614,Home,3,334.76,Chennai,Card,1004.28,01/01/2023,2023-01,Sunday
245,01/01/2023,456,1262,Beauty,3,294.48,Kolkata,Cash,883.44,01/01/2023,2023-01,Sunday
246,01/01/2023,411,4257,Grocery,2,193.01,Mumbai,Cash,386.02,01/01/2023,2023-01,Sunday
247,01/01/2023,137,4485,Beauty,5,126.69,Bangalore,UPI,633.45,01/01/2023,2023-01,Sunday
248,01/01/2023,318,1785,Beauty,1,474.21,Mumbai,Card,474.21,01/01/2023,2023-01,Sunday
249,01/01/2023,165,4851,Electronics,2,281.87,Chennai,Cash,563.74,01/01/2023,2023-01,Sunday
250,01/01/2023,225,3616,Grocery,2,438.59,Bangalore,UPI,877.18,01/01/2023,2023-01,Sunday
251,01/01/2023,307,4639,Electronics,2,357.1,Kolkata,Cash,714.2,01/01/2023,2023-01,Sunday
252,01/01/2023,234,1387,Grocery,4,261.39,Delhi,NetBanking,1045.56,01/01/2023,2023-01,Sunday
253,01/01/2023,172,1280,Electronics,2,20.81,Mumbai,NetBanking,41.62,01/01/2023,2023-01,Sunday
254,01/01/2023,152,4992,Beauty,5,258.83,Kolkata,Cash,1294.15,01/01/2023,2023-01,Sunday
255,01/01/2023,463,1189,Electronics,5,119,Chennai,NetBanking,595,01/01/2023,2023-01,Sunday
256,01/01/2023,315,2520,Electronics,3,17.14,Kolkata,NetBanking,51.42,01/01/2023,2023-01,Sunday
257,01/01/2023,374,2741,Beauty,3,326.05,Kolkata,Cash,978.15,01/01/2023,2023-01,Sunday
258,01/01/2023,160,3304,Home,2,17.81,Bangalore,NetBanking,35.62,01/01/2023,2023-01,Sunday
259,01/01/2023,96,1334,Fashion,3,44.05,Kolkata,UPI,132.15,01/01/2023,2023-01,Sunday
260,01/01/2023,472,4363,Beauty,5,336.61,Mumbai,Cash,1683.05,01/01/2023,2023-01,Sunday
261,01/01/2023,233,3381,Beauty,1,72.69,Chennai,Cash,72.69,01/01/2023,2023-01,Sunday
262,01/01/2023,180,3342,Beauty,1,215.51,Bangalore,Card,215.51,01/01/2023,2023-01,Sunday
263,01/01/2023,113,3569,Beauty,5,227.06,Hyderabad,Cash,1135.3,01/01/2023,2023-01,Sunday
264,01/01/2023,318,1504,Beauty,3,200.93,Hyderabad,Card,602.79,01/01/2023,2023-01,Sunday
265,01/01/2023,497,1906,Fashion,2,220.93,Hyderabad,Card,441.86,01/01/2023,2023-01,Sunday
266,01/01/2023,442,1948,Fashion,3,474.95,Delhi,NetBanking,1424.85,01/01/2023,2023-01,Sunday
267,01/01/2023,52,1767,Electronics,2,116.08,Kolkata,Card,232.16,01/01/2023,2023-01,Sunday
268,01/01/2023,268,1783,Beauty,5,28.98,Chennai,NetBanking,144.9,01/01/2023,2023-01,Sunday
269,01/01/2023,295,2521,Beauty,3,64.22,Mumbai,Card,192.66,01/01/2023,2023-01,Sunday
270,01/01/2023,386,1822,Beauty,4,326.06,Chennai,UPI,1304.24,01/01/2023,2023-01,Sunday
271,01/01/2023,387,1001,Fashion,1,115.16,Chennai,Cash,115.16,01/01/2023,2023-01,Sunday
272,01/01/2023,113,1735,Fashion,2,170.03,Hyderabad,Card,340.06,01/01/2023,2023-01,Sunday
273,01/01/2023,101,1259,Beauty,2,240.6,Kolkata,UPI,481.2,01/01/2023,2023-01,Sunday
274,01/01/2023,113,3340,Electronics,3,172.46,Bangalore,Cash,517.38,01/01/2023,2023-01,Sunday
275,01/01/2023,440,4191,Grocery,5,62.14,Bangalore,NetBanking,310.7,01/01/2023,2023-01,Sunday
276,01/01/2023,81,1147,Home,5,60.61,Mumbai,NetBanking,303.05,01/01/2023,2023-01,Sunday
277,01/01/2023,187,1401,Fashion,4,166.17,Delhi,NetBanking,664.68,01/01/2023,2023-01,Sunday
278,01/01/2023,113,4272,Electronics,2,322.91,Hyderabad,NetBanking,645.82,01/01/2023,2023-01,Sunday
279,01/01/2023,2,2725,Electronics,2,139.91,Bangalore,NetBanking,279.82,01/01/2023,2023-01,Sunday
280,01/01/2023,130,4695,Home,4,493.27,Delhi,UPI,1973.08,01/01/2023,2023-01,Sunday
281,01/01/2023,220,2901,Electronics,2,442.76,Chennai,UPI,885.52,01/01/2023,2023-01,Sunday
282,01/01/2023,54,3725,Grocery,1,207.75,Hyderabad,UPI,207.75,01/01/2023,2023-01,Sunday
283,01/01/2023,343,4056,Home,1,407.08,Kolkata,NetBanking,407.08,01/01/2023,2023-01,Sunday
284,01/01/2023,485,2587,Fashion,3,28.95,Kolkata,NetBanking,86.85,01/01/2023,2023-01,Sunday
285,01/01/2023,224,4217,Fashion,3,235.9,Chennai,Card,707.7,01/01/2023,2023-01,Sunday
286,01/01/2023,225,4961,Electronics,4,322.68,Bangalore,Cash,1290.72,01/01/2023,2023-01,Sunday
287,01/01/2023,385,2894,Fashion,3,432.1,Bangalore,Card,1296.3,01/01/2023,2023-01,Sunday
288,01/01/2023,403,1029,Grocery,4,399.2,Kolkata,NetBanking,1596.8,01/01/2023,2023-01,Sunday
289,01/01/2023,126,4966,Fashion,2,455.04,Chennai,Cash,910.08,01/01/2023,2023-01,Sunday
290,01/01/2023,130,4119,Home,5,176.9,Delhi,NetBanking,884.5,01/01/2023,2023-01,Sunday
291,01/01/2023,53,4161,Electronics,2,22.25,Kolkata,UPI,44.5,01/01/2023,2023-01,Sunday
292,01/01/2023,172,2194,Fashion,5,203.74,Mumbai,NetBanking,1018.7,01/01/2023,2023-01,Sunday
293,01/01/2023,218,3589,Beauty,3,145.41,Bangalore,Card,436.23,01/01/2023,2023-01,Sunday
294,01/01/2023,160,2744,Home,2,119.05,Bangalore,NetBanking,238.1,01/01/2023,2023-01,Sunday
295,01/01/2023,198,4819,Beauty,3,155.18,Hyderabad,Card,465.54,01/01/2023,2023-01,Sunday
296,01/01/2023,416,2997,Beauty,2,136.49,Mumbai,Cash,272.98,01/01/2023,2023-01,Sunday
297,01/01/2023,247,1411,Beauty,5,137.52,Mumbai,Card,687.6,01/01/2023,2023-01,Sunday
298,01/01/2023,324,2560,Fashion,4,392.97,Bangalore,NetBanking,1571.88,01/01/2023,2023-01,Sunday
299,01/01/2023,439,1607,Electronics,4,148.51,Hyderabad,Cash,594.04,01/01/2023,2023-01,Sunday
300,01/01/2023,203,4319,Home,5,246.04,Bangalore,UPI,1230.2,01/01/2023,2023-01,Sunday
301,01/01/2023,184,3291,Grocery,5,318.2,Chennai,Card,1591,01/01/2023,2023-01,Sunday
302,01/01/2023,123,4643,Electronics,2,148.44,Hyderabad,UPI,296.88,01/01/2023,2023-01,Sunday
303,01/01/2023,401,2099,Fashion,4,104.64,Chennai,Card,418.56,01/01/2023,2023-01,Sunday
304,01/01/2023,255,2742,Beauty,5,173.27,Hyderabad,UPI,866.35,01/01/2023,2023-01,Sunday
305,01/01/2023,294,4438,Fashion,1,62.02,Hyderabad,Card,62.02,01/01/2023,2023-01,Sunday
306,01/01/2023,280,4195,Fashion,5,385.27,Kolkata,UPI,1926.35,01/01/2023,2023-01,Sunday
307,01/01/2023,325,4397,Grocery,5,250.5,Mumbai,Card,1252.5,01/01/2023,2023-01,Sunday
308,01/01/2023,372,1190,Home,3,450.52,Chennai,NetBanking,1351.56,01/01/2023,2023-01,Sunday
309,01/01/2023,98,2575,Fashion,5,178.73,Hyderabad,Cash,893.65,01/01/2023,2023-01,Sunday
310,01/01/2023,198,2331,Fashion,1,6.03,Kolkata,Card,6.03,01/01/2023,2023-01,Sunday
311,01/01/2023,470,4457,Electronics,2,314.27,Hyderabad,Card,628.54,01/01/2023,2023-01,Sunday
312,01/01/2023,395,2890,Grocery,3,53.38,Hyderabad,Cash,160.14,01/01/2023,2023-01,Sunday
313,01/01/2023,240,1222,Home,1,43.97,Delhi,UPI,43.97,01/01/2023,2023-01,Sunday
314,01/01/2023,144,1940,Fashion,4,135.51,Kolkata,Cash,542.04,01/01/2023,2023-01,Sunday
315,01/01/2023,97,2733,Grocery,2,93.63,Hyderabad,UPI,187.26,01/01/2023,2023-01,Sunday
316,01/01/2023,201,3181,Home,4,385.65,Bangalore,UPI,1542.6,01/01/2023,2023-01,Sunday
317,01/01/2023,124,1625,Home,5,484.77,Kolkata,UPI,2423.85,01/01/2023,2023-01,Sunday
318,01/01/2023,187,4137,Fashion,1,377.95,Mumbai,Cash,377.95,01/01/2023,2023-01,Sunday
319,01/01/2023,326,2085,Beauty,4,50.56,Mumbai,Card,202.24,01/01/2023,2023-01,Sunday
320,01/01/2023,464,1969,Grocery,2,148.96,Delhi,NetBanking,297.92,01/01/2023,2023-01,Sunday
321,01/01/2023,349,2497,Fashion,5,62.63,Chennai,NetBanking,313.15,01/01/2023,2023-01,Sunday
322,01/01/2023,259,1819,Home,4,144.45,Delhi,UPI,577.8,01/01/2023,2023-01,Sunday
323,01/01/2023,148,2764,Beauty,1,87.49,Bangalore,NetBanking,87.49,01/01/2023,2023-01,Sunday
324,01/01/2023,252,4452,Beauty,2,220.45,Delhi,Card,440.9,01/01/2023,2023-01,Sunday
325,01/01/2023,443,4238,Fashion,2,103,Kolkata,Cash,206,01/01/2023,2023-01,Sunday
326,01/01/2023,420,2899,Beauty,2,466.48,Chennai,UPI,932.96,01/01/2023,2023-01,Sunday
327,01/01/2023,403,3949,Home,2,150.58,Delhi,Card,301.16,01/01/2023,2023-01,Sunday
328,01/01/2023,346,1595,Beauty,5,470.54,Delhi,UPI,2352.7,01/01/2023,2023-01,Sunday
329,01/01/2023,451,4284,Fashion,5,384.87,Bangalore,UPI,1924.35,01/01/2023,2023-01,Sunday
330,01/01/2023,147,1969,Electronics,2,199.17,Mumbai,UPI,398.34,01/01/2023,2023-01,Sunday
331,01/01/2023,148,3519,Grocery,2,392.18,Bangalore,UPI,784.36,01/01/2023,2023-01,Sunday
332,01/01/2023,352,3190,Grocery,1,69.11,Chennai,Card,69.11,01/01/2023,2023-01,Sunday
333,01/01/2023,199,4819,Home,4,72.6,Hyderabad,Card,290.4,01/01/2023,2023-01,Sunday
334,01/01/2023,308,2017,Beauty,2,268.62,Bangalore,NetBanking,537.24,01/01/2023,2023-01,Sunday
335,01/01/2023,489,2441,Grocery,1,111.11,Delhi,Card,111.11,01/01/2023,2023-01,Sunday
336,01/01/2023,417,2637,Home,5,126.52,Mumbai,UPI,632.6,01/01/2023,2023-01,Sunday
337,01/01/2023,424,4275,Grocery,4,161.06,Kolkata,NetBanking,644.24,01/01/2023,2023-01,Sunday
338,01/01/2023,128,3875,Fashion,1,363.25,Mumbai,NetBanking,363.25,01/01/2023,2023-01,Sunday
339,01/01/2023,39,1029,Fashion,4,401.12,Kolkata,UPI,1604.48,01/01/2023,2023-01,Sunday
340,01/01/2023,338,4596,Grocery,2,495.08,Hyderabad,Cash,990.16,01/01/2023,2023-01,Sunday
341,01/01/2023,360,3587,Home,1,276.83,Delhi,Card,276.83,01/01/2023,2023-01,Sunday
342,01/01/2023,129,2104,Fashion,1,269.88,Delhi,NetBanking,269.88,01/01/2023,2023-01,Sunday
343,01/01/2023,267,1453,Grocery,2,425.4,Kolkata,Card,850.8,01/01/2023,2023-01,Sunday
344,01/01/2023,476,4689,Electronics,3,21.81,Hyderabad,Card,65.43,01/01/2023,2023-01,Sunday
345,01/01/2023,441,2229,Electronics,1,114.57,Mumbai,UPI,114.57,01/01/2023,2023-01,Sunday
346,01/01/2023,473,1378,Home,5,480.14,Chennai,Card,2400.7,01/01/2023,2023-01,Sunday
347,01/01/2023,434,2529,Electronics,1,361.59,Delhi,Card,361.59,01/01/2023,2023-01,Sunday
348,01/01/2023,151,4223,Beauty,3,201.13,Kolkata,UPI,603.39,01/01/2023,2023-01,Sunday
349,01/01/2023,415,1576,Electronics,4,215.6,Mumbai,UPI,862.4,01/01/2023,2023-01,Sunday
350,01/01/2023,478,1737,Beauty,2,262.18,Chennai,NetBanking,524.36,01/01/2023,2023-01,Sunday
351,01/01/2023,298,2789,Fashion,5,86.65,Delhi,NetBanking,433.25,01/01/2023,2023-01,Sunday
352,01/01/2023,99,2926,Electronics,4,409.57,Mumbai,NetBanking,1638.28,01/01/2023,2023-01,Sunday
353,01/01/2023,263,2929,Grocery,4,352.53,Mumbai,UPI,1410.12,01/01/2023,2023-01,Sunday
354,01/01/2023,252,4639,Grocery,1,81.81,Delhi,UPI,81.81,01/01/2023,2023-01,Sunday
355,01/01/2023,144,4919,Grocery,4,253.77,Mumbai,Cash,1015.08,01/01/2023,2023-01,Sunday
356,01/01/2023,346,1786,Grocery,2,252.95,Kolkata,UPI,505.9,01/01/2023,2023-01,Sunday
357,01/01/2023,112,1153,Fashion,1,424.61,Mumbai,UPI,424.61,01/01/2023,2023-01,Sunday
358,01/01/2023,500,2967,Home,5,173.99,Delhi,NetBanking,869.95,01/01/2023,2023-01,Sunday
359,01/01/2023,60,4128,Beauty,2,466.48,Delhi,Card,932.96,01/01/2023,2023-01,Sunday
360,01/01/2023,369,2643,Home,5,427.36,Chennai,NetBanking,2136.8,01/01/2023,2023-01,Sunday
361,01/01/2023,2,1046,Beauty,5,115.06,Mumbai,Cash,575.3,01/01/2023,2023-01,Sunday
362,01/01/2023,385,2763,Beauty,4,251.75,Chennai,UPI,1007,01/01/2023,2023-01,Sunday
363,01/01/2023,304,1103,Fashion,2,330.58,Bangalore,NetBanking,661.16,01/01/2023,2023-01,Sunday
364,01/01/2023,254,1233,Electronics,4,250.96,Delhi,UPI,1003.84,01/01/2023,2023-01,Sunday
365,01/01/2023,140,1165,Electronics,5,414.67,Chennai,Card,2073.35,01/01/2023,2023-01,Sunday
366,01/01/2023,453,3939,Grocery,1,292.59,Hyderabad,Cash,292.59,01/01/2023,2023-01,Sunday
367,01/01/2023,37,2396,Beauty,3,135.9,Bangalore,UPI,407.7,01/01/2023,2023-01,Sunday
368,01/01/2023,160,2980,Home,4,246.25,Bangalore,UPI,985,01/01/2023,2023-01,Sunday
369,01/01/2023,9,2208,Grocery,5,291.53,Chennai,Cash,1457.65,01/01/2023,2023-01,Sunday
370,01/01/2023,233,3849,Fashion,3,362.25,Mumbai,NetBanking,1086.75,01/01/2023,2023-01,Sunday
371,01/01/2023,99,4803,Electronics,3,307.27,Kolkata,UPI,921.81,01/01/2023,2023-01,Sunday
372,01/01/2023,147,3767,Fashion,3,295.95,Delhi,Cash,887.85,01/01/2023,2023-01,Sunday
373,01/01/2023,304,3795,Home,4,169.89,Kolkata,Card,679.56,01/01/2023,2023-01,Sunday
374,01/01/2023,208,4128,Electronics,4,21.46,Mumbai,Card,85.84,01/01/2023,2023-01,Sunday
375,01/01/2023,131,4956,Beauty,4,494.2,Mumbai,UPI,1976.8,01/01/2023,2023-01,Sunday
376,01/01/2023,404,3518,Beauty,5,169,Kolkata,UPI,845,01/01/2023,2023-01,Sunday
377,01/01/2023,152,4670,Fashion,5,248.39,Hyderabad,Card,1241.95,01/01/2023,2023-01,Sunday
378,01/01/2023,54,3545,Fashion,1,158.82,Bangalore,Card,158.82,01/01/2023,2023-01,Sunday
379,01/01/2023,120,1108,Beauty,1,455.46,Mumbai,Cash,455.46,01/01/2023,2023-01,Sunday
380,01/01/2023,161,2159,Grocery,1,282,Kolkata,Card,282,01/01/2023,2023-01,Sunday
381,01/01/2023,408,1328,Fashion,5,459.5,Bangalore,NetBanking,2297.5,01/01/2023,2023-01,Sunday
382,01/01/2023,116,3969,Fashion,2,246.94,Delhi,NetBanking,493.88,01/01/2023,2023-01,Sunday
383,01/01/2023,75,4656,Fashion,5,273.68,Bangalore,Card,1368.4,01/01/2023,2023-01,Sunday
384,01/01/2023,113,2160,Electronics,1,209.35,Chennai,NetBanking,209.35,01/01/2023,2023-01,Sunday
385,01/01/2023,456,3534,Fashion,1,208.85,Hyderabad,Card,208.85,01/01/2023,2023-01,Sunday
386,01/01/2023,420,2235,Fashion,5,165.52,Kolkata,NetBanking,827.6,01/01/2023,2023-01,Sunday
387,01/01/2023,422,4972,Electronics,3,358.46,Delhi,Card,1075.38,01/01/2023,2023-01,Sunday
388,01/01/2023,104,4128,Grocery,1,385.62,Hyderabad,Cash,385.62,01/01/2023,2023-01,Sunday
389,01/01/2023,340,2485,Fashion,3,291.93,Delhi,Card,875.79,01/01/2023,2023-01,Sunday
390,01/01/2023,254,2240,Electronics,5,237.73,Delhi,Card,1188.65,01/01/2023,2023-01,Sunday
391,01/01/2023,227,4197,Beauty,4,231.43,Bangalore,Card,925.72,01/01/2023,2023-01,Sunday
392,01/01/2023,112,1401,Grocery,4,123.04,Bangalore,Card,492.16,01/01/2023,2023-01,Sunday
393,01/01/2023,473,2657,Grocery,4,97.71,Hyderabad,Card,390.84,01/01/2023,2023-01,Sunday
394,01/01/2023,99,2887,Electronics,5,383.37,Mumbai,Card,1916.85,01/01/2023,2023-01,Sunday
395,01/01/2023,153,4188,Electronics,4,49.01,Mumbai,NetBanking,196.04,01/01/2023,2023-01,Sunday
396,01/01/2023,349,3604,Beauty,3,323.67,Bangalore,UPI,971.01,01/01/2023,2023-01,Sunday
397,01/01/2023,402,4309,Home,1,407.38,Delhi,NetBanking,407.38,01/01/2023,2023-01,Sunday
398,01/01/2023,384,3542,Electronics,4,195.62,Chennai,Cash,782.48,01/01/2023,2023-01,Sunday
399,01/01/2023,366,4606,Fashion,1,482.41,Bangalore,UPI,482.41,01/01/2023,2023-01,Sunday
400,01/01/2023,338,2381,Home,5,244.61,Mumbai,Card,1223.05,01/01/2023,2023-01,Sunday
401,01/01/2023,194,3574,Grocery,5,181.88,Hyderabad,UPI,909.4,01/01/2023,2023-01,Sunday
402,01/01/2023,310,2253,Home,4,325.21,Hyderabad,UPI,1300.84,01/01/2023,2023-01,Sunday
403,01/01/2023,163,4531,Home,5,95.89,Mumbai,Card,479.45,01/01/2023,2023-01,Sunday
404,01/01/2023,208,3939,Home,5,109.18,Hyderabad,Cash,545.9,01/01/2023,2023-01,Sunday
405,01/01/2023,445,3960,Electronics,1,30.41,Chennai,NetBanking,30.41,01/01/2023,2023-01,Sunday
406,01/01/2023,169,3145,Grocery,4,64.95,Mumbai,NetBanking,259.8,01/01/2023,2023-01,Sunday
407,01/01/2023,484,1662,Beauty,3,443.67,Chennai,Cash,1331.01,01/01/2023,2023-01,Sunday
408,01/01/2023,161,4683,Home,2,193.75,Bangalore,Card,387.5,01/01/2023,2023-01,Sunday
409,01/01/2023,68,4002,Grocery,4,285.84,Chennai,UPI,1143.36,01/01/2023,2023-01,Sunday
410,01/01/2023,289,4447,Fashion,5,334.4,Delhi,Card,1672,01/01/2023,2023-01,Sunday
411,01/01/2023,398,2340,Beauty,3,182.05,Hyderabad,UPI,546.15,01/01/2023,2023-01,Sunday
412,01/01/2023,277,2873,Grocery,5,292.18,Hyderabad,UPI,1460.9,01/01/2023,2023-01,Sunday
413,01/01/2023,304,2759,Electronics,2,231.59,Bangalore,UPI,463.18,01/01/2023,2023-01,Sunday
414,01/01/2023,404,1743,Fashion,5,239.2,Delhi,Card,1196,01/01/2023,2023-01,Sunday
415,01/01/2023,384,2645,Home,1,249,Chennai,UPI,249,01/01/2023,2023-01,Sunday
416,01/01/2023,392,3152,Fashion,3,386,Chennai,Card,1158,01/01/2023,2023-01,Sunday
417,01/01/2023,135,2337,Electronics,3,232.27,Bangalore,Card,696.81,01/01/2023,2023-01,Sunday
418,01/01/2023,195,2689,Fashion,4,460.1,Hyderabad,UPI,1840.4,01/01/2023,2023-01,Sunday
419,01/01/2023,401,3992,Electronics,3,315.38,Delhi,Cash,946.14,01/01/2023,2023-01,Sunday
420,01/01/2023,128,3351,Beauty,5,164.21,Delhi,UPI,821.05,01/01/2023,2023-01,Sunday
421,01/01/2023,33,1335,Beauty,3,11.69,Bangalore,Card,35.07,01/01/2023,2023-01,Sunday
422,01/01/2023,176,2035,Beauty,2,338.37,Bangalore,Card,676.74,01/01/2023,2023-01,Sunday
423,01/01/2023,460,2183,Electronics,2,58.56,Chennai,UPI,117.12,01/01/2023,2023-01,Sunday
424,01/01/2023,443,4642,Beauty,4,330.27,Bangalore,UPI,1321.08,01/01/2023,2023-01,Sunday
425,01/01/2023,371,4477,Home,2,498.61,Bangalore,NetBanking,997.22,01/01/2023,2023-01,Sunday
426,01/01/2023,470,4891,Electronics,1,165.86,Delhi,Card,165.86,01/01/2023,2023-01,Sunday
427,01/01/2023,375,2941,Grocery,3,148.65,Hyderabad,UPI,445.95,01/01/2023,2023-01,Sunday
428,01/01/2023,22,3135,Electronics,4,276.13,Kolkata,UPI,1104.52,01/01/2023,2023-01,Sunday
429,01/01/2023,238,3780,Beauty,1,343.21,Hyderabad,Cash,343.21,01/01/2023,2023-01,Sunday
430,01/01/2023,158,2831,Fashion,1,403.59,Delhi,Cash,403.59,01/01/2023,2023-01,Sunday
431,01/01/2023,38,3365,Grocery,5,238.99,Bangalore,UPI,1194.95,01/01/2023,2023-01,Sunday
432,01/01/2023,230,1055,Fashion,5,171.84,Bangalore,Cash,859.2,01/01/2023,2023-01,Sunday
433,01/01/2023,365,1490,Electronics,3,441.9,Bangalore,UPI,1325.7,01/01/2023,2023-01,Sunday
434,01/01/2023,51,3018,Beauty,2,409.97,Delhi,NetBanking,819.94,01/01/2023,2023-01,Sunday
435,01/01/2023,438,1787,Home,1,123.03,Delhi,Card,123.03,01/01/2023,2023-01,Sunday
436,01/01/2023,264,2067,Grocery,5,270,Bangalore,Card,1350,01/01/2023,2023-01,Sunday
437,01/01/2023,283,1524,Fashion,4,231.99,Kolkata,Cash,927.96,01/01/2023,2023-01,Sunday
438,01/01/2023,27,1452,Home,1,379.53,Mumbai,Card,379.53,01/01/2023,2023-01,Sunday
439,01/01/2023,226,4941,Fashion,1,363.29,Delhi,Card,363.29,01/01/2023,2023-01,Sunday
440,01/01/2023,277,2873,Home,1,456.35,Chennai,UPI,456.35,01/01/2023,2023-01,Sunday
441,01/01/2023,286,3552,Grocery,5,54.24,Mumbai,UPI,271.2,01/01/2023,2023-01,Sunday
442,01/01/2023,97,3507,Home,3,366.31,Mumbai,NetBanking,1098.93,01/01/2023,2023-01,Sunday
443,01/01/2023,284,2519,Home,5,159.03,Delhi,NetBanking,795.15,01/01/2023,2023-01,Sunday
444,01/01/2023,367,3589,Grocery,1,88.85,Delhi,Cash,88.85,01/01/2023,2023-01,Sunday
445,01/01/2023,448,1704,Electronics,1,114.89,Hyderabad,UPI,114.89,01/01/2023,2023-01,Sunday
446,01/01/2023,481,4435,Grocery,4,156.33,Hyderabad,Cash,625.32,01/01/2023,2023-01,Sunday
447,01/01/2023,453,1990,Fashion,5,473.62,Bangalore,Cash,2368.1,01/01/2023,2023-01,Sunday
448,01/01/2023,317,3999,Grocery,1,422.89,Delhi,Cash,422.89,01/01/2023,2023-01,Sunday
449,01/01/2023,304,3702,Beauty,1,352.31,Hyderabad,Card,352.31,01/01/2023,2023-01,Sunday
450,01/01/2023,147,1722,Beauty,4,39.05,Hyderabad,Cash,156.2,01/01/2023,2023-01,Sunday
451,01/01/2023,4,4583,Fashion,1,428.08,Mumbai,UPI,428.08,01/01/2023,2023-01,Sunday
452,01/01/2023,35,2796,Fashion,4,104.23,Chennai,NetBanking,416.92,01/01/2023,2023-01,Sunday
453,01/01/2023,192,3895,Electronics,4,480.47,Mumbai,NetBanking,1921.88,01/01/2023,2023-01,Sunday
454,01/01/2023,49,2386,Beauty,3,155.1,Hyderabad,Card,465.3,01/01/2023,2023-01,Sunday
455,01/01/2023,17,3795,Fashion,1,265.53,Delhi,UPI,265.53,01/01/2023,2023-01,Sunday
456,01/01/2023,172,2413,Grocery,5,220.75,Hyderabad,Cash,1103.75,01/01/2023,2023-01,Sunday
457,01/01/2023,220,1444,Grocery,1,152.55,Hyderabad,NetBanking,152.55,01/01/2023,2023-01,Sunday
458,01/01/2023,158,1201,Home,4,213.64,Delhi,NetBanking,854.56,01/01/2023,2023-01,Sunday
459,01/01/2023,477,3575,Beauty,3,111.65,Bangalore,UPI,334.95,01/01/2023,2023-01,Sunday
460,01/01/2023,46,2014,Home,3,333.17,Hyderabad,Cash,999.51,01/01/2023,2023-01,Sunday
461,01/01/2023,373,2780,Fashion,3,253.95,Bangalore,UPI,761.85,01/01/2023,2023-01,Sunday
462,01/01/2023,6,4524,Home,3,110.17,Mumbai,Cash,330.51,01/01/2023,2023-01,Sunday
463,01/01/2023,99,1565,Electronics,5,287.78,Bangalore,Cash,1438.9,01/01/2023,2023-01,Sunday
464,01/01/2023,380,3411,Fashion,3,122.51,Bangalore,NetBanking,367.53,01/01/2023,2023-01,Sunday
465,01/01/2023,233,2728,Beauty,1,170.65,Mumbai,UPI,170.65,01/01/2023,2023-01,Sunday
466,01/01/2023,37,1452,Home,5,477.36,Kolkata,Card,2386.8,01/01/2023,2023-01,Sunday
467,01/01/2023,280,3955,Grocery,1,394.42,Chennai,Cash,394.42,01/01/2023,2023-01,Sunday
468,01/01/2023,349,3031,Home,3,16.06,Bangalore,UPI,48.18,01/01/2023,2023-01,Sunday
469,01/01/2023,497,4109,Grocery,1,206.16,Chennai,Card,206.16,01/01/2023,2023-01,Sunday
470,01/01/2023,302,4044,Electronics,4,93.81,Bangalore,Cash,375.24,01/01/2023,2023-01,Sunday
471,01/01/2023,181,1531,Home,2,445.74,Hyderabad,NetBanking,891.48,01/01/2023,2023-01,Sunday
472,01/01/2023,95,3418,Fashion,4,461.43,Hyderabad,NetBanking,1845.72,01/01/2023,2023-01,Sunday
473,01/01/2023,99,4655,Beauty,1,200.52,Kolkata,Card,200.52,01/01/2023,2023-01,Sunday
474,01/01/2023,188,4847,Fashion,1,162.15,Bangalore,NetBanking,162.15,01/01/2023,2023-01,Sunday
475,01/01/2023,481,4910,Fashion,4,396.6,Hyderabad,NetBanking,1586.4,01/01/2023,2023-01,Sunday
476,01/01/2023,116,2501,Beauty,4,490.15,Delhi,NetBanking,1960.6,01/01/2023,2023-01,Sunday
477,01/01/2023,191,2918,Fashion,3,284.77,Hyderabad,UPI,854.31,01/01/2023,2023-01,Sunday
478,01/01/2023,253,3091,Fashion,4,42.95,Bangalore,Card,171.8,01/01/2023,2023-01,Sunday
479,01/01/2023,469,3559,Fashion,3,492.96,Hyderabad,NetBanking,1478.88,01/01/2023,2023-01,Sunday
480,01/01/2023,416,2586,Electronics,4,72.21,Hyderabad,NetBanking,288.84,01/01/2023,2023-01,Sunday
481,01/01/2023,471,3514,Beauty,2,485.25,Bangalore,Cash,970.5,01/01/2023,2023-01,Sunday
482,01/01/2023,161,4736,Beauty,5,116.08,Delhi,NetBanking,580.4,01/01/2023,2023-01,Sunday
483,01/01/2023,256,2742,Grocery,4,122.66,Mumbai,NetBanking,490.64,01/01/2023,2023-01,Sunday
484,01/01/2023,323,1882,Grocery,2,446.87,Bangalore,Cash,893.74,01/01/2023,2023-01,Sunday
485,01/01/2023,128,3491,Electronics,5,136.38,Chennai,Cash,681.9,01/01/2023,2023-01,Sunday
486,01/01/2023,18,1112,Home,3,118.34,Kolkata,NetBanking,355.02,01/01/2023,2023-01,Sunday
487,01/01/2023,281,2974,Home,1,11.25,Kolkata,UPI,11.25,01/01/2023,2023-01,Sunday
488,01/01/2023,490,2088,Home,2,268.41,Mumbai,NetBanking,536.82,01/01/2023,2023-01,Sunday
489,01/01/2023,223,4416,Grocery,5,471.89,Hyderabad,NetBanking,2359.45,01/01/2023,2023-01,Sunday
490,01/01/2023,54,3038,Fashion,4,126.73,Bangalore,NetBanking,506.92,01/01/2023,2023-01,Sunday
491,01/01/2023,58,2890,Electronics,3,358.3,Mumbai,UPI,1074.9,01/01/2023,2023-01,Sunday
492,01/01/2023,323,2627,Electronics,2,391.57,Kolkata,Cash,783.14,01/01/2023,2023-01,Sunday
493,01/01/2023,360,4540,Beauty,2,260.82,Kolkata,Cash,521.64,01/01/2023,2023-01,Sunday
494,01/01/2023,174,4135,Beauty,4,106.01,Hyderabad,NetBanking,424.04,01/01/2023,2023-01,Sunday
495,01/01/2023,280,3838,Electronics,3,458.84,Kolkata,Card,1376.52,01/01/2023,2023-01,Sunday
496,01/01/2023,114,2820,Home,1,17.86,Hyderabad,Card,17.86,01/01/2023,2023-01,Sunday
497,01/01/2023,288,2888,Electronics,3,23.51,Chennai,Cash,70.53,01/01/2023,2023-01,Sunday
498,01/01/2023,431,4673,Fashion,2,152.9,Hyderabad,Card,305.8,01/01/2023,2023-01,Sunday
499,01/01/2023,342,1886,Fashion,2,475.74,Kolkata,NetBanking,951.48,01/01/2023,2023-01,Sunday
500,01/01/2023,151,3605,Home,3,98.69,Hyderabad,NetBanking,296.07,01/01/2023,2023-01,Sunday
501,01/01/2023,450,4445,Electronics,4,76.01,Bangalore,Cash,304.04,01/01/2023,2023-01,Sunday
502,01/01/2023,127,4788,Fashion,3,123.5,Mumbai,NetBanking,370.5,01/01/2023,2023-01,Sunday
503,01/01/2023,155,1899,Home,3,452.51,Bangalore,Cash,1357.53,01/01/2023,2023-01,Sunday
504,01/01/2023,490,2888,Home,5,401.93,Mumbai,NetBanking,2009.65,01/01/2023,2023-01,Sunday
505,01/01/2023,386,2609,Electronics,5,24.01,Kolkata,UPI,120.05,01/01/2023,2023-01,Sunday
506,01/01/2023,474,2446,Electronics,3,36.11,Mumbai,Card,108.33,01/01/2023,2023-01,Sunday
507,01/01/2023,273,4347,Home,2,461.84,Mumbai,Cash,923.68,01/01/2023,2023-01,Sunday
508,01/01/2023,104,2573,Beauty,2,487.76,Mumbai,NetBanking,975.52,01/01/2023,2023-01,Sunday
509,01/01/2023,417,4185,Electronics,2,302.08,Mumbai,UPI,604.16,01/01/2023,2023-01,Sunday
510,01/01/2023,393,3270,Home,3,68.44,Bangalore,NetBanking,205.32,01/01/2023,2023-01,Sunday
511,01/01/2023,299,1716,Fashion,5,295.36,Delhi,Card,1476.8,01/01/2023,2023-01,Sunday
512,01/01/2023,246,4617,Grocery,5,379.86,Hyderabad,Cash,1899.3,01/01/2023,2023-01,Sunday
513,01/01/2023,176,1074,Beauty,2,372.32,Bangalore,UPI,744.64,01/01/2023,2023-01,Sunday
514,01/01/2023,39,1282,Electronics,1,194.69,Bangalore,Card,194.69,01/01/2023,2023-01,Sunday
515,01/01/2023,477,1902,Fashion,2,222.51,Hyderabad,UPI,445.02,01/01/2023,2023-01,Sunday
516,01/01/2023,170,1496,Grocery,5,446.1,Delhi,Card,2230.5,01/01/2023,2023-01,Sunday
517,01/01/2023,247,1782,Fashion,2,13.54,Kolkata,Cash,27.08,01/01/2023,2023-01,Sunday
518,01/01/2023,26,4517,Fashion,5,209.56,Delhi,UPI,1047.8,01/01/2023,2023-01,Sunday
519,01/01/2023,355,3614,Home,2,402.67,Mumbai,NetBanking,805.34,01/01/2023,2023-01,Sunday
520,01/01/2023,306,3634,Beauty,5,145.87,Kolkata,Cash,729.35,01/01/2023,2023-01,Sunday
521,01/01/2023,409,2537,Home,3,298.57,Bangalore,NetBanking,895.71,01/01/2023,2023-01,Sunday
522,01/01/2023,408,1650,Fashion,2,51.84,Mumbai,UPI,103.68,01/01/2023,2023-01,Sunday
523,01/01/2023,13,3221,Electronics,5,146.12,Mumbai,NetBanking,730.6,01/01/2023,2023-01,Sunday
524,01/01/2023,316,4304,Home,4,57.73,Chennai,UPI,230.92,01/01/2023,2023-01,Sunday
525,01/01/2023,391,3668,Fashion,4,485.37,Bangalore,Card,1941.48,01/01/2023,2023-01,Sunday
526,01/01/2023,313,2206,Electronics,3,222.08,Hyderabad,UPI,666.24,01/01/2023,2023-01,Sunday
527,01/01/2023,36,2128,Fashion,2,440.58,Hyderabad,Cash,881.16,01/01/2023,2023-01,Sunday
528,01/01/2023,173,2304,Grocery,3,324.92,Hyderabad,NetBanking,974.76,01/01/2023,2023-01,Sunday
529,01/01/2023,20,2207,Beauty,1,302.23,Mumbai,NetBanking,302.23,01/01/2023,2023-01,Sunday
530,01/01/2023,321,2230,Home,4,106.98,Mumbai,NetBanking,427.92,01/01/2023,2023-01,Sunday
531,01/01/2023,264,3241,Grocery,2,17.4,Bangalore,Card,34.8,01/01/2023,2023-01,Sunday
532,01/01/2023,494,1021,Home,2,81.25,Hyderabad,Cash,162.5,01/01/2023,2023-01,Sunday
533,01/01/2023,400,2277,Fashion,3,272.89,Mumbai,UPI,818.67,01/01/2023,2023-01,Sunday
534,01/01/2023,142,2097,Grocery,2,387.98,Kolkata,Card,775.96,01/01/2023,2023-01,Sunday
535,01/01/2023,460,3915,Beauty,4,48.79,Mumbai,NetBanking,195.16,01/01/2023,2023-01,Sunday
536,01/01/2023,371,3591,Grocery,4,429.92,Mumbai,Cash,1719.68,01/01/2023,2023-01,Sunday
537,01/01/2023,471,2082,Grocery,1,354.7,Hyderabad,UPI,354.7,01/01/2023,2023-01,Sunday
538,01/01/2023,143,1588,Electronics,3,179.73,Mumbai,Cash,539.19,01/01/2023,2023-01,Sunday
539,01/01/2023,92,3847,Grocery,2,448.57,Kolkata,UPI,897.14,01/01/2023,2023-01,Sunday
540,01/01/2023,354,4555,Grocery,4,62.46,Kolkata,NetBanking,249.84,01/01/2023,2023-01,Sunday
541,01/01/2023,322,4457,Electronics,3,179.19,Delhi,UPI,537.57,01/01/2023,2023-01,Sunday
542,01/01/2023,288,4980,Fashion,5,55.18,Chennai,Card,275.9,01/01/2023,2023-01,Sunday
543,01/01/2023,215,4561,Grocery,3,109.8,Chennai,NetBanking,329.4,01/01/2023,2023-01,Sunday
544,01/01/2023,447,1582,Grocery,5,161.5,Delhi,NetBanking,807.5,01/01/2023,2023-01,Sunday
545,01/01/2023,342,4898,Electronics,3,282.13,Hyderabad,UPI,846.39,01/01/2023,2023-01,Sunday
546,01/01/2023,51,2912,Beauty,2,362.65,Kolkata,Cash,725.3,01/01/2023,2023-01,Sunday
547,01/01/2023,153,1031,Beauty,3,157.13,Kolkata,UPI,471.39,01/01/2023,2023-01,Sunday
548,01/01/2023,186,4068,Home,4,241.54,Mumbai,Card,966.16,01/01/2023,2023-01,Sunday
549,01/01/2023,63,4940,Home,3,42.63,Chennai,UPI,127.89,01/01/2023,2023-01,Sunday
550,01/01/2023,190,3403,Fashion,2,112.13,Bangalore,Card,224.26,01/01/2023,2023-01,Sunday
551,01/01/2023,125,4484,Home,3,40.46,Hyderabad,NetBanking,121.38,01/01/2023,2023-01,Sunday
552,01/01/2023,150,3342,Home,4,201.59,Hyderabad,NetBanking,806.36,01/01/2023,2023-01,Sunday
553,01/01/2023,314,1820,Fashion,4,20.71,Mumbai,Card,82.84,01/01/2023,2023-01,Sunday
554,01/01/2023,58,2193,Home,1,493.42,Kolkata,Cash,493.42,01/01/2023,2023-01,Sunday
555,01/01/2023,342,3506,Electronics,5,360.44,Chennai,Cash,1802.2,01/01/2023,2023-01,Sunday
556,01/01/2023,305,2611,Home,3,233.48,Chennai,Card,700.44,01/01/2023,2023-01,Sunday
557,01/01/2023,180,3167,Fashion,5,471.75,Bangalore,NetBanking,2358.75,01/01/2023,2023-01,Sunday
558,01/01/2023,170,1881,Beauty,1,38.26,Kolkata,UPI,38.26,01/01/2023,2023-01,Sunday
559,01/01/2023,326,3611,Grocery,3,350.82,Kolkata,NetBanking,1052.46,01/01/2023,2023-01,Sunday
560,01/01/2023,271,3531,Home,1,363.11,Chennai,Cash,363.11,01/01/2023,2023-01,Sunday
561,01/01/2023,54,2562,Beauty,1,428.67,Hyderabad,UPI,428.67,01/01/2023,2023-01,Sunday
562,01/01/2023,491,3522,Electronics,1,174.3,Bangalore,NetBanking,174.3,01/01/2023,2023-01,Sunday
563,01/01/2023,444,1669,Beauty,3,154.89,Kolkata,Cash,464.67,01/01/2023,2023-01,Sunday
564,01/01/2023,101,4702,Fashion,3,429.83,Bangalore,Card,1289.49,01/01/2023,2023-01,Sunday
565,01/01/2023,481,1256,Fashion,1,427.27,Mumbai,Cash,427.27,01/01/2023,2023-01,Sunday
566,01/01/2023,264,3777,Fashion,4,377.97,Chennai,Card,1511.88,01/01/2023,2023-01,Sunday
567,01/01/2023,53,3914,Fashion,3,383.04,Mumbai,Card,1149.12,01/01/2023,2023-01,Sunday
568,01/01/2023,60,1059,Home,4,360.48,Kolkata,UPI,1441.92,01/01/2023,2023-01,Sunday
569,01/01/2023,492,1007,Beauty,2,84.76,Mumbai,UPI,169.52,01/01/2023,2023-01,Sunday
570,01/01/2023,108,4803,Electronics,2,307.05,Delhi,Cash,614.1,01/01/2023,2023-01,Sunday
571,01/01/2023,5,2411,Beauty,4,223.67,Chennai,Cash,894.68,01/01/2023,2023-01,Sunday
572,01/01/2023,103,2118,Beauty,3,32.28,Delhi,Card,96.84,01/01/2023,2023-01,Sunday
573,01/01/2023,196,2017,Home,4,391.72,Kolkata,UPI,1566.88,01/01/2023,2023-01,Sunday
574,01/01/2023,262,4325,Home,4,295.42,Bangalore,Cash,1181.68,01/01/2023,2023-01,Sunday
575,01/01/2023,365,1956,Electronics,3,104.7,Bangalore,UPI,314.1,01/01/2023,2023-01,Sunday
576,01/01/2023,480,2464,Electronics,1,311.5,Chennai,Cash,311.5,01/01/2023,2023-01,Sunday
577,01/01/2023,372,1331,Grocery,3,159.36,Kolkata,Cash,478.08,01/01/2023,2023-01,Sunday
578,01/01/2023,350,4152,Beauty,4,483.68,Mumbai,Cash,1934.72,01/01/2023,2023-01,Sunday
579,01/01/2023,47,2956,Grocery,5,441.43,Delhi,UPI,2207.15,01/01/2023,2023-01,Sunday
580,01/01/2023,355,2904,Fashion,3,326.11,Hyderabad,Cash,978.33,01/01/2023,2023-01,Sunday
581,01/01/2023,311,3705,Beauty,5,77.54,Hyderabad,NetBanking,387.7,01/01/2023,2023-01,Sunday
582,01/01/2023,424,3273,Beauty,5,432.33,Mumbai,UPI,2161.65,01/01/2023,2023-01,Sunday
583,01/01/2023,308,1597,Home,5,220.99,Hyderabad,Card,1104.95,01/01/2023,2023-01,Sunday
584,01/01/2023,144,1885,Grocery,1,253.05,Bangalore,NetBanking,253.05,01/01/2023,2023-01,Sunday
585,01/01/2023,269,3479,Grocery,1,478.98,Chennai,UPI,478.98,01/01/2023,2023-01,Sunday
586,01/01/2023,370,2419,Grocery,1,484.08,Bangalore,Card,484.08,01/01/2023,2023-01,Sunday
587,01/01/2023,124,3344,Home,5,59.7,Hyderabad,UPI,298.5,01/01/2023,2023-01,Sunday
588,01/01/2023,106,1972,Electronics,5,135.35,Hyderabad,Card,676.75,01/01/2023,2023-01,Sunday
589,01/01/2023,158,3265,Home,4,237.66,Kolkata,Cash,950.64,01/01/2023,2023-01,Sunday
590,01/01/2023,147,1417,Electronics,3,76.47,Kolkata,NetBanking,229.41,01/01/2023,2023-01,Sunday
591,01/01/2023,145,2228,Grocery,2,222.64,Delhi,NetBanking,445.28,01/01/2023,2023-01,Sunday
592,01/01/2023,120,1943,Fashion,3,415.85,Delhi,NetBanking,1247.55,01/01/2023,2023-01,Sunday
593,01/01/2023,319,3370,Fashion,3,175.78,Mumbai,Cash,527.34,01/01/2023,2023-01,Sunday
594,01/01/2023,275,1058,Electronics,3,393.3,Kolkata,UPI,1179.9,01/01/2023,2023-01,Sunday
595,01/01/2023,92,1611,Electronics,4,164.08,Bangalore,Cash,656.32,01/01/2023,2023-01,Sunday
596,01/01/2023,58,4260,Electronics,3,149.06,Bangalore,UPI,447.18,01/01/2023,2023-01,Sunday
597,01/01/2023,439,2317,Home,5,189.07,Hyderabad,NetBanking,945.35,01/01/2023,2023-01,Sunday
598,01/01/2023,346,2519,Fashion,1,436.24,Mumbai,UPI,436.24,01/01/2023,2023-01,Sunday
599,01/01/2023,229,4386,Home,4,291.67,Mumbai,UPI,1166.68,01/01/2023,2023-01,Sunday
600,01/01/2023,474,3103,Beauty,4,404.73,Chennai,NetBanking,1618.92,01/01/2023,2023-01,Sunday
601,01/01/2023,117,2506,Grocery,5,441.56,Kolkata,Cash,2207.8,01/01/2023,2023-01,Sunday
602,01/01/2023,318,1745,Home,1,401,Bangalore,NetBanking,401,01/01/2023,2023-01,Sunday
603,01/01/2023,279,3040,Fashion,5,159,Bangalore,Cash,795,01/01/2023,2023-01,Sunday
604,01/01/2023,127,4844,Grocery,4,100.35,Hyderabad,Card,401.4,01/01/2023,2023-01,Sunday
605,01/01/2023,393,4959,Beauty,2,460.67,Bangalore,Cash,921.34,01/01/2023,2023-01,Sunday
606,01/01/2023,396,1612,Grocery,3,285.28,Delhi,Card,855.84,01/01/2023,2023-01,Sunday
607,01/01/2023,129,1247,Electronics,1,85.56,Hyderabad,Card,85.56,01/01/2023,2023-01,Sunday
608,01/01/2023,58,4697,Electronics,4,172,Mumbai,UPI,688,01/01/2023,2023-01,Sunday
609,01/01/2023,122,3710,Beauty,5,25.79,Delhi,UPI,128.95,01/01/2023,2023-01,Sunday
610,01/01/2023,1,2643,Electronics,1,96.3,Bangalore,Card,96.3,01/01/2023,2023-01,Sunday
611,01/01/2023,239,3785,Home,2,9.08,Mumbai,UPI,18.16,01/01/2023,2023-01,Sunday
612,01/01/2023,290,1838,Electronics,4,143.94,Hyderabad,NetBanking,575.76,01/01/2023,2023-01,Sunday
613,01/01/2023,96,4035,Grocery,1,125.25,Kolkata,UPI,125.25,01/01/2023,2023-01,Sunday
614,01/01/2023,126,2438,Electronics,1,35.61,Chennai,UPI,35.61,01/01/2023,2023-01,Sunday
615,01/01/2023,118,3920,Home,2,378.52,Delhi,Card,757.04,01/01/2023,2023-01,Sunday
616,01/01/2023,48,1649,Beauty,5,165.8,Kolkata,Cash,829,01/01/2023,2023-01,Sunday
617,01/01/2023,89,2380,Fashion,2,120.08,Hyderabad,UPI,240.16,01/01/2023,2023-01,Sunday
618,01/01/2023,488,3990,Fashion,3,393.67,Chennai,NetBanking,1181.01,01/01/2023,2023-01,Sunday
619,01/01/2023,237,2506,Home,3,292.41,Bangalore,Card,877.23,01/01/2023,2023-01,Sunday
620,01/01/2023,373,1920,Fashion,3,73.37,Hyderabad,UPI,220.11,01/01/2023,2023-01,Sunday
621,01/01/2023,385,2969,Electronics,1,298.33,Chennai,Card,298.33,01/01/2023,2023-01,Sunday
622,01/01/2023,272,4077,Electronics,1,17.33,Delhi,Card,17.33,01/01/2023,2023-01,Sunday
623,01/01/2023,189,4749,Home,4,431.83,Mumbai,NetBanking,1727.32,01/01/2023,2023-01,Sunday
624,01/01/2023,487,2572,Electronics,3,411.81,Chennai,Cash,1235.43,01/01/2023,2023-01,Sunday
625,01/01/2023,192,2516,Fashion,1,281.86,Bangalore,Cash,281.86,01/01/2023,2023-01,Sunday
626,01/01/2023,447,4806,Beauty,4,334.63,Mumbai,UPI,1338.52,01/01/2023,2023-01,Sunday
627,01/01/2023,69,4927,Fashion,2,209.72,Delhi,Card,419.44,01/01/2023,2023-01,Sunday
628,01/01/2023,278,1565,Beauty,4,398.43,Delhi,NetBanking,1593.72,01/01/2023,2023-01,Sunday
629,01/01/2023,349,1988,Home,5,28.67,Kolkata,Card,143.35,01/01/2023,2023-01,Sunday
630,01/01/2023,247,3852,Electronics,3,314.1,Chennai,Cash,942.3,01/01/2023,2023-01,Sunday
631,01/01/2023,451,1866,Fashion,4,135.16,Hyderabad,Cash,540.64,01/01/2023,2023-01,Sunday
632,01/01/2023,76,4841,Home,4,54.19,Hyderabad,UPI,216.76,01/01/2023,2023-01,Sunday
633,01/01/2023,154,1846,Beauty,2,275.27,Chennai,NetBanking,550.54,01/01/2023,2023-01,Sunday
634,01/01/2023,144,3219,Beauty,3,78.23,Hyderabad,NetBanking,234.69,01/01/2023,2023-01,Sunday
635,01/01/2023,435,2600,Fashion,3,467.66,Hyderabad,NetBanking,1402.98,01/01/2023,2023-01,Sunday
636,01/01/2023,485,2752,Beauty,4,142.15,Mumbai,NetBanking,568.6,01/01/2023,2023-01,Sunday
637,01/01/2023,86,2289,Grocery,2,422.69,Kolkata,UPI,845.38,01/01/2023,2023-01,Sunday
638,01/01/2023,185,1375,Home,5,109.24,Delhi,NetBanking,546.2,01/01/2023,2023-01,Sunday
639,01/01/2023,285,4937,Electronics,2,448.13,Hyderabad,NetBanking,896.26,01/01/2023,2023-01,Sunday
640,01/01/2023,462,3151,Grocery,2,179.98,Mumbai,UPI,359.96,01/01/2023,2023-01,Sunday
641,01/01/2023,220,4140,Electronics,1,482.75,Mumbai,Cash,482.75,01/01/2023,2023-01,Sunday
642,01/01/2023,69,3236,Fashion,4,72.89,Mumbai,NetBanking,291.56,01/01/2023,2023-01,Sunday
643,01/01/2023,47,1337,Grocery,4,64.51,Chennai,Card,258.04,01/01/2023,2023-01,Sunday
644,01/01/2023,497,4679,Electronics,2,323.87,Chennai,NetBanking,647.74,01/01/2023,2023-01,Sunday
645,01/01/2023,94,4713,Home,3,183.4,Mumbai,Card,550.2,01/01/2023,2023-01,Sunday
646,01/01/2023,238,3334,Grocery,5,80.93,Mumbai,Card,404.65,01/01/2023,2023-01,Sunday
647,01/01/2023,446,2311,Home,5,148.65,Chennai,UPI,743.25,01/01/2023,2023-01,Sunday
648,01/01/2023,500,2172,Electronics,2,361.94,Bangalore,UPI,723.88,01/01/2023,2023-01,Sunday
649,01/01/2023,453,4025,Grocery,1,302.86,Kolkata,UPI,302.86,01/01/2023,2023-01,Sunday
650,01/01/2023,204,2544,Grocery,4,379.53,Kolkata,Card,1518.12,01/01/2023,2023-01,Sunday
651,01/01/2023,400,2110,Grocery,5,484.21,Mumbai,Card,2421.05,01/01/2023,2023-01,Sunday
652,01/01/2023,218,3725,Home,5,5.95,Kolkata,Card,29.75,01/01/2023,2023-01,Sunday
653,01/01/2023,474,4158,Electronics,5,91.22,Bangalore,UPI,456.1,01/01/2023,2023-01,Sunday
654,01/01/2023,432,2398,Electronics,1,292.66,Bangalore,Card,292.66,01/01/2023,2023-01,Sunday
655,01/01/2023,341,1783,Fashion,5,411.9,Delhi,UPI,2059.5,01/01/2023,2023-01,Sunday
656,01/01/2023,39,2294,Electronics,5,177.98,Chennai,Card,889.9,01/01/2023,2023-01,Sunday
657,01/01/2023,100,3967,Beauty,5,112.57,Kolkata,NetBanking,562.85,01/01/2023,2023-01,Sunday
658,01/01/2023,289,3355,Electronics,3,301.03,Chennai,Card,903.09,01/01/2023,2023-01,Sunday
659,01/01/2023,254,1238,Home,4,394.52,Kolkata,Card,1578.08,01/01/2023,2023-01,Sunday
660,01/01/2023,222,2384,Fashion,3,315.83,Mumbai,Cash,947.49,01/01/2023,2023-01,Sunday
661,01/01/2023,357,3085,Fashion,1,234.22,Kolkata,Card,234.22,01/01/2023,2023-01,Sunday
662,01/01/2023,23,3255,Grocery,3,407.07,Kolkata,NetBanking,1221.21,01/01/2023,2023-01,Sunday
663,01/01/2023,250,1938,Grocery,2,307.23,Mumbai,NetBanking,614.46,01/01/2023,2023-01,Sunday
664,01/01/2023,10,4924,Home,5,208.33,Bangalore,Card,1041.65,01/01/2023,2023-01,Sunday
665,01/01/2023,246,3585,Electronics,5,52.63,Mumbai,NetBanking,263.15,01/01/2023,2023-01,Sunday
666,01/01/2023,325,2465,Beauty,4,448.5,Mumbai,Cash,1794,01/01/2023,2023-01,Sunday
667,01/01/2023,100,4372,Beauty,1,331.11,Mumbai,Cash,331.11,01/01/2023,2023-01,Sunday
668,01/01/2023,290,2314,Fashion,5,76.97,Kolkata,UPI,384.85,01/01/2023,2023-01,Sunday
669,01/01/2023,180,4116,Electronics,3,452.27,Bangalore,NetBanking,1356.81,01/01/2023,2023-01,Sunday
670,01/01/2023,223,1665,Home,2,19.51,Bangalore,Cash,39.02,01/01/2023,2023-01,Sunday
671,01/01/2023,394,4055,Home,4,329.14,Chennai,NetBanking,1316.56,01/01/2023,2023-01,Sunday
672,01/01/2023,250,3275,Electronics,2,167.58,Mumbai,Cash,335.16,01/01/2023,2023-01,Sunday
673,01/01/2023,147,3498,Home,1,378.35,Bangalore,NetBanking,378.35,01/01/2023,2023-01,Sunday
674,01/01/2023,442,1793,Home,2,269.21,Kolkata,Card,538.42,01/01/2023,2023-01,Sunday
675,01/01/2023,96,3415,Grocery,3,165.29,Delhi,NetBanking,495.87,01/01/2023,2023-01,Sunday
676,01/01/2023,257,2286,Beauty,5,34.27,Bangalore,Card,171.35,01/01/2023,2023-01,Sunday
677,01/01/2023,325,4862,Home,3,14.63,Kolkata,NetBanking,43.89,01/01/2023,2023-01,Sunday
678,01/01/2023,493,2640,Fashion,3,79.18,Bangalore,Cash,237.54,01/01/2023,2023-01,Sunday
679,01/01/2023,4,3230,Beauty,1,271.98,Kolkata,NetBanking,271.98,01/01/2023,2023-01,Sunday
680,01/01/2023,16,2938,Grocery,3,201.51,Mumbai,Cash,604.53,01/01/2023,2023-01,Sunday
681,01/01/2023,280,3188,Electronics,1,399.51,Mumbai,NetBanking,399.51,01/01/2023,2023-01,Sunday
682,01/01/2023,336,3006,Grocery,1,162.58,Kolkata,Cash,162.58,01/01/2023,2023-01,Sunday
683,01/01/2023,247,2600,Home,5,192.6,Mumbai,NetBanking,963,01/01/2023,2023-01,Sunday
684,01/01/2023,258,2413,Electronics,1,74.37,Mumbai,Cash,74.37,01/01/2023,2023-01,Sunday
685,01/01/2023,497,4655,Electronics,3,423.15,Hyderabad,NetBanking,1269.45,01/01/2023,2023-01,Sunday
686,01/01/2023,476,3789,Grocery,2,309.56,Bangalore,NetBanking,619.12,01/01/2023,2023-01,Sunday
687,01/01/2023,384,1987,Grocery,1,143.01,Delhi,Card,143.01,01/01/2023,2023-01,Sunday
688,01/01/2023,160,2371,Fashion,1,202.42,Kolkata,NetBanking,202.42,01/01/2023,2023-01,Sunday
689,01/01/2023,475,2103,Fashion,4,345.86,Kolkata,Cash,1383.44,01/01/2023,2023-01,Sunday
690,01/01/2023,340,3932,Home,1,347.55,Kolkata,UPI,347.55,01/01/2023,2023-01,Sunday
691,01/01/2023,152,1863,Fashion,4,455.63,Kolkata,Card,1822.52,01/01/2023,2023-01,Sunday
692,01/01/2023,396,1022,Fashion,4,462.38,Delhi,UPI,1849.52,01/01/2023,2023-01,Sunday
693,01/01/2023,178,3365,Fashion,3,219.08,Bangalore,Card,657.24,01/01/2023,2023-01,Sunday
694,01/01/2023,163,3821,Grocery,3,98.45,Hyderabad,Cash,295.35,01/01/2023,2023-01,Sunday
695,01/01/2023,380,3758,Electronics,2,32.39,Bangalore,Card,64.78,01/01/2023,2023-01,Sunday
696,01/01/2023,33,3630,Fashion,5,85.18,Hyderabad,Card,425.9,01/01/2023,2023-01,Sunday
697,01/01/2023,417,4004,Electronics,1,11.92,Delhi,Cash,11.92,01/01/2023,2023-01,Sunday
698,01/01/2023,445,3696,Electronics,2,148.73,Kolkata,Cash,297.46,01/01/2023,2023-01,Sunday
699,01/01/2023,179,2881,Fashion,5,91.92,Kolkata,UPI,459.6,01/01/2023,2023-01,Sunday
700,01/01/2023,427,2518,Grocery,1,126.31,Delhi,Card,126.31,01/01/2023,2023-01,Sunday
701,01/01/2023,101,4282,Electronics,1,139.52,Chennai,Card,139.52,01/01/2023,2023-01,Sunday
702,01/01/2023,268,1730,Beauty,4,375.68,Kolkata,UPI,1502.72,01/01/2023,2023-01,Sunday
703,01/01/2023,323,1808,Electronics,5,189.1,Chennai,UPI,945.5,01/01/2023,2023-01,Sunday
704,01/01/2023,65,2356,Home,1,106.46,Delhi,NetBanking,106.46,01/01/2023,2023-01,Sunday
705,01/01/2023,417,2236,Grocery,3,310.65,Hyderabad,Card,931.95,01/01/2023,2023-01,Sunday
706,01/01/2023,168,1923,Grocery,2,189.97,Kolkata,NetBanking,379.94,01/01/2023,2023-01,Sunday
707,01/01/2023,330,4198,Grocery,2,156.26,Delhi,UPI,312.52,01/01/2023,2023-01,Sunday
708,01/01/2023,43,2923,Grocery,2,364.12,Delhi,Cash,728.24,01/01/2023,2023-01,Sunday
709,01/01/2023,44,2223,Grocery,2,71.25,Delhi,Cash,142.5,01/01/2023,2023-01,Sunday
710,01/01/2023,285,1544,Electronics,1,353.29,Mumbai,Card,353.29,01/01/2023,2023-01,Sunday
711,01/01/2023,397,2550,Beauty,4,394,Delhi,UPI,1576,01/01/2023,2023-01,Sunday
712,01/01/2023,12,1568,Grocery,1,30.9,Delhi,UPI,30.9,01/01/2023,2023-01,Sunday
713,01/01/2023,95,4315,Beauty,2,458.01,Bangalore,Cash,916.02,01/01/2023,2023-01,Sunday
714,01/01/2023,302,3054,Home,4,449.81,Delhi,UPI,1799.24,01/01/2023,2023-01,Sunday
715,01/01/2023,386,1965,Grocery,5,62.09,Bangalore,UPI,310.45,01/01/2023,2023-01,Sunday
716,01/01/2023,253,3993,Fashion,1,102.81,Kolkata,NetBanking,102.81,01/01/2023,2023-01,Sunday
717,01/01/2023,499,1847,Beauty,3,110.01,Mumbai,NetBanking,330.03,01/01/2023,2023-01,Sunday
718,01/01/2023,242,1063,Electronics,1,159.66,Mumbai,UPI,159.66,01/01/2023,2023-01,Sunday
719,01/01/2023,35,4649,Electronics,3,494.31,Bangalore,UPI,1482.93,01/01/2023,2023-01,Sunday
720,01/01/2023,215,3776,Fashion,5,494.77,Chennai,Card,2473.85,01/01/2023,2023-01,Sunday
721,01/01/2023,337,1818,Beauty,5,77.48,Kolkata,UPI,387.4,01/01/2023,2023-01,Sunday
722,01/01/2023,90,1786,Fashion,3,198.01,Hyderabad,Card,594.03,01/01/2023,2023-01,Sunday
723,01/01/2023,264,1563,Electronics,4,55.58,Bangalore,Cash,222.32,01/01/2023,2023-01,Sunday
724,01/01/2023,93,2636,Home,4,453.13,Hyderabad,Card,1812.52,01/01/2023,2023-01,Sunday
725,01/01/2023,410,2790,Grocery,1,202.9,Delhi,Card,202.9,01/01/2023,2023-01,Sunday
726,01/01/2023,458,2988,Home,3,336.25,Delhi,NetBanking,1008.75,01/01/2023,2023-01,Sunday
727,01/01/2023,90,1826,Fashion,2,171.78,Bangalore,NetBanking,343.56,01/01/2023,2023-01,Sunday
728,01/01/2023,418,2593,Grocery,1,403.99,Kolkata,NetBanking,403.99,01/01/2023,2023-01,Sunday
729,01/01/2023,115,3451,Fashion,2,272.14,Delhi,Cash,544.28,01/01/2023,2023-01,Sunday
730,01/01/2023,105,1887,Fashion,1,129.87,Kolkata,Cash,129.87,01/01/2023,2023-01,Sunday
731,01/01/2023,391,2142,Beauty,2,283.41,Hyderabad,Card,566.82,01/01/2023,2023-01,Sunday
732,01/01/2023,196,4606,Home,2,206.93,Delhi,Card,413.86,01/01/2023,2023-01,Sunday
733,01/01/2023,314,2230,Electronics,2,323.99,Hyderabad,NetBanking,647.98,01/01/2023,2023-01,Sunday
734,01/01/2023,114,2800,Home,5,166.47,Delhi,Cash,832.35,01/01/2023,2023-01,Sunday
735,01/01/2023,493,2414,Home,1,126.2,Delhi,NetBanking,126.2,01/01/2023,2023-01,Sunday
736,01/01/2023,75,3788,Beauty,4,378.66,Delhi,UPI,1514.64,01/01/2023,2023-01,Sunday
737,01/01/2023,413,4586,Electronics,5,117.19,Hyderabad,UPI,585.95,01/01/2023,2023-01,Sunday
738,01/01/2023,376,3686,Beauty,4,284.76,Chennai,Card,1139.04,01/01/2023,2023-01,Sunday
739,01/01/2023,420,2623,Electronics,1,426.94,Mumbai,Cash,426.94,01/01/2023,2023-01,Sunday
740,01/01/2023,217,1596,Home,5,356.35,Hyderabad,NetBanking,1781.75,01/01/2023,2023-01,Sunday
741,01/01/2023,277,4165,Grocery,4,189.6,Bangalore,Card,758.4,01/01/2023,2023-01,Sunday
742,01/01/2023,249,4985,Fashion,3,28.95,Bangalore,Cash,86.85,01/01/2023,2023-01,Sunday
743,01/01/2023,164,1441,Grocery,4,231.65,Kolkata,UPI,926.6,01/01/2023,2023-01,Sunday
744,01/01/2023,394,4919,Home,4,65.47,Chennai,NetBanking,261.88,01/01/2023,2023-01,Sunday
745,01/01/2023,357,2004,Grocery,5,394.76,Mumbai,NetBanking,1973.8,01/01/2023,2023-01,Sunday
746,01/01/2023,457,1625,Beauty,2,335.34,Mumbai,NetBanking,670.68,01/01/2023,2023-01,Sunday
747,01/01/2023,408,4664,Electronics,2,165.73,Mumbai,UPI,331.46,01/01/2023,2023-01,Sunday
748,01/01/2023,192,3992,Beauty,3,123.4,Bangalore,Card,370.2,01/01/2023,2023-01,Sunday
749,01/01/2023,227,3586,Fashion,5,258.56,Delhi,Cash,1292.8,01/01/2023,2023-01,Sunday
750,01/01/2023,177,2131,Home,4,346.97,Delhi,NetBanking,1387.88,01/01/2023,2023-01,Sunday
751,01/01/2023,99,2737,Home,1,13.1,Delhi,NetBanking,13.1,01/01/2023,2023-01,Sunday
752,01/01/2023,496,4645,Fashion,3,21.39,Hyderabad,Cash,64.17,01/01/2023,2023-01,Sunday
753,01/01/2023,36,4987,Beauty,5,26.19,Mumbai,NetBanking,130.95,01/01/2023,2023-01,Sunday
754,01/01/2023,466,1255,Fashion,4,24.72,Bangalore,NetBanking,98.88,01/01/2023,2023-01,Sunday
755,01/01/2023,497,1788,Home,2,492.91,Hyderabad,Cash,985.82,01/01/2023,2023-01,Sunday
756,01/01/2023,487,3766,Grocery,4,243.62,Bangalore,NetBanking,974.48,01/01/2023,2023-01,Sunday
757,01/01/2023,96,4722,Fashion,3,46.33,Mumbai,Cash,138.99,01/01/2023,2023-01,Sunday
758,01/01/2023,152,4849,Beauty,4,26.34,Delhi,Card,105.36,01/01/2023,2023-01,Sunday
759,01/01/2023,151,2549,Fashion,1,405.86,Hyderabad,Card,405.86,01/01/2023,2023-01,Sunday
760,01/01/2023,190,3232,Grocery,4,237.97,Hyderabad,NetBanking,951.88,01/01/2023,2023-01,Sunday
761,01/01/2023,224,3412,Fashion,1,159.64,Chennai,Card,159.64,01/01/2023,2023-01,Sunday
762,01/01/2023,37,4190,Beauty,2,218.24,Hyderabad,UPI,436.48,01/01/2023,2023-01,Sunday
763,01/01/2023,268,3415,Grocery,1,276.34,Mumbai,Card,276.34,01/01/2023,2023-01,Sunday
764,01/01/2023,369,3302,Electronics,5,10.39,Kolkata,Card,51.95,01/01/2023,2023-01,Sunday
765,01/01/2023,183,3735,Grocery,1,392.31,Chennai,NetBanking,392.31,01/01/2023,2023-01,Sunday
766,01/01/2023,13,4144,Electronics,1,307.34,Hyderabad,NetBanking,307.34,01/01/2023,2023-01,Sunday
767,01/01/2023,279,4948,Electronics,4,193.77,Chennai,UPI,775.08,01/01/2023,2023-01,Sunday
768,01/01/2023,217,3413,Home,4,433.61,Mumbai,UPI,1734.44,01/01/2023,2023-01,Sunday
769,01/01/2023,355,3205,Grocery,2,133.74,Chennai,NetBanking,267.48,01/01/2023,2023-01,Sunday
770,01/01/2023,361,2934,Fashion,1,447.87,Chennai,Cash,447.87,01/01/2023,2023-01,Sunday
771,01/01/2023,286,1080,Electronics,4,153.29,Bangalore,Card,613.16,01/01/2023,2023-01,Sunday
772,01/01/2023,273,1053,Fashion,3,71.18,Kolkata,Cash,213.54,01/01/2023,2023-01,Sunday
773,01/01/2023,369,3271,Electronics,5,9.63,Kolkata,NetBanking,48.15,01/01/2023,2023-01,Sunday
774,01/01/2023,62,2952,Home,4,103.91,Chennai,UPI,415.64,01/01/2023,2023-01,Sunday
775,01/01/2023,84,3831,Fashion,1,355.5,Kolkata,Card,355.5,01/01/2023,2023-01,Sunday
776,01/01/2023,368,2362,Grocery,5,468.26,Hyderabad,UPI,2341.3,01/01/2023,2023-01,Sunday
777,01/01/2023,217,2842,Fashion,4,136.73,Hyderabad,UPI,546.92,01/01/2023,2023-01,Sunday
778,01/01/2023,342,4128,Fashion,3,297.58,Hyderabad,NetBanking,892.74,01/01/2023,2023-01,Sunday
779,01/01/2023,397,3051,Grocery,3,412.35,Mumbai,NetBanking,1237.05,01/01/2023,2023-01,Sunday
780,01/01/2023,187,4716,Electronics,1,189.71,Bangalore,Card,189.71,01/01/2023,2023-01,Sunday
781,01/01/2023,19,2061,Fashion,3,343.78,Mumbai,Cash,1031.34,01/01/2023,2023-01,Sunday
782,01/01/2023,177,3951,Home,5,145.11,Hyderabad,NetBanking,725.55,01/01/2023,2023-01,Sunday
783,01/01/2023,100,3361,Beauty,1,8.79,Hyderabad,Card,8.79,01/01/2023,2023-01,Sunday
784,01/01/2023,396,2767,Fashion,1,203.12,Chennai,UPI,203.12,01/01/2023,2023-01,Sunday
785,01/01/2023,445,2943,Electronics,4,388.4,Hyderabad,NetBanking,1553.6,01/01/2023,2023-01,Sunday
786,01/01/2023,233,2054,Grocery,3,476.8,Delhi,NetBanking,1430.4,01/01/2023,2023-01,Sunday
787,01/01/2023,403,2786,Home,1,320.76,Kolkata,Cash,320.76,01/01/2023,2023-01,Sunday
788,01/01/2023,76,1404,Beauty,5,108.02,Delhi,Card,540.1,01/01/2023,2023-01,Sunday
789,01/01/2023,265,2869,Electronics,1,48.07,Chennai,UPI,48.07,01/01/2023,2023-01,Sunday
790,01/01/2023,455,1582,Grocery,2,443.42,Delhi,UPI,886.84,01/01/2023,2023-01,Sunday
791,01/01/2023,284,4394,Electronics,1,59.36,Mumbai,Card,59.36,01/01/2023,2023-01,Sunday
792,01/01/2023,206,2049,Electronics,2,288.55,Delhi,NetBanking,577.1,01/01/2023,2023-01,Sunday
793,01/01/2023,223,3075,Beauty,1,309.22,Delhi,NetBanking,309.22,01/01/2023,2023-01,Sunday
794,01/01/2023,384,2387,Grocery,4,409.46,Kolkata,Card,1637.84,01/01/2023,2023-01,Sunday
795,01/01/2023,52,4666,Grocery,5,135.57,Mumbai,NetBanking,677.85,01/01/2023,2023-01,Sunday
796,01/01/2023,339,1140,Beauty,4,181.42,Bangalore,Card,725.68,01/01/2023,2023-01,Sunday
797,01/01/2023,367,2850,Grocery,1,54.59,Chennai,Card,54.59,01/01/2023,2023-01,Sunday
798,01/01/2023,144,2716,Beauty,5,79.36,Delhi,Cash,396.8,01/01/2023,2023-01,Sunday
799,01/01/2023,373,4264,Electronics,2,181.8,Kolkata,NetBanking,363.6,01/01/2023,2023-01,Sunday
800,01/01/2023,69,3278,Grocery,3,55.18,Kolkata,Card,165.54,01/01/2023,2023-01,Sunday
801,01/01/2023,99,1549,Grocery,3,380.14,Delhi,Cash,1140.42,01/01/2023,2023-01,Sunday
802,01/01/2023,396,1764,Home,2,213.26,Bangalore,Cash,426.52,01/01/2023,2023-01,Sunday
803,01/01/2023,25,3696,Beauty,4,12.2,Delhi,Cash,48.8,01/01/2023,2023-01,Sunday
804,01/01/2023,436,1468,Grocery,2,193.4,Kolkata,Card,386.8,01/01/2023,2023-01,Sunday
805,01/01/2023,379,3752,Beauty,1,110.31,Bangalore,UPI,110.31,01/01/2023,2023-01,Sunday
806,01/01/2023,469,4143,Beauty,2,182.83,Hyderabad,NetBanking,365.66,01/01/2023,2023-01,Sunday
807,01/01/2023,484,1661,Beauty,3,128.64,Chennai,Cash,385.92,01/01/2023,2023-01,Sunday
808,01/01/2023,53,2561,Home,4,216.32,Mumbai,UPI,865.28,01/01/2023,2023-01,Sunday
809,01/01/2023,151,1574,Beauty,4,37.15,Delhi,Cash,148.6,01/01/2023,2023-01,Sunday
810,01/01/2023,144,2115,Electronics,4,291.14,Hyderabad,Card,1164.56,01/01/2023,2023-01,Sunday
811,01/01/2023,57,3256,Grocery,4,150.7,Bangalore,NetBanking,602.8,01/01/2023,2023-01,Sunday
812,01/01/2023,39,3108,Electronics,2,77.51,Bangalore,Cash,155.02,01/01/2023,2023-01,Sunday
813,01/01/2023,109,4896,Fashion,1,308.64,Mumbai,NetBanking,308.64,01/01/2023,2023-01,Sunday
814,01/01/2023,181,1020,Fashion,2,349.18,Chennai,Card,698.36,01/01/2023,2023-01,Sunday
815,01/01/2023,42,2115,Grocery,2,362.88,Hyderabad,UPI,725.76,01/01/2023,2023-01,Sunday
816,01/01/2023,186,2873,Electronics,3,48.51,Mumbai,NetBanking,145.53,01/01/2023,2023-01,Sunday
817,01/01/2023,423,4616,Electronics,2,148.77,Hyderabad,Cash,297.54,01/01/2023,2023-01,Sunday
818,01/01/2023,398,4932,Home,4,383.03,Mumbai,Card,1532.12,01/01/2023,2023-01,Sunday
819,01/01/2023,223,4294,Home,1,132.25,Bangalore,Card,132.25,01/01/2023,2023-01,Sunday
820,01/01/2023,122,3571,Home,5,37.19,Mumbai,Card,185.95,01/01/2023,2023-01,Sunday
821,01/01/2023,133,3037,Home,4,35.02,Bangalore,Cash,140.08,01/01/2023,2023-01,Sunday
822,01/01/2023,163,1314,Beauty,5,221.33,Hyderabad,Card,1106.65,01/01/2023,2023-01,Sunday
823,01/01/2023,215,1045,Grocery,3,366.31,Delhi,UPI,1098.93,01/01/2023,2023-01,Sunday
824,01/01/2023,221,3770,Grocery,4,212.28,Kolkata,NetBanking,849.12,01/01/2023,2023-01,Sunday
825,01/01/2023,235,4552,Beauty,5,491.08,Hyderabad,NetBanking,2455.4,01/01/2023,2023-01,Sunday
826,01/01/2023,331,2653,Electronics,5,250.23,Hyderabad,UPI,1251.15,01/01/2023,2023-01,Sunday
827,01/01/2023,146,4165,Electronics,2,378.47,Hyderabad,Card,756.94,01/01/2023,2023-01,Sunday
828,01/01/2023,239,2285,Home,4,231.83,Kolkata,Card,927.32,01/01/2023,2023-01,Sunday
829,01/01/2023,76,2939,Electronics,5,327.28,Bangalore,UPI,1636.4,01/01/2023,2023-01,Sunday
830,01/01/2023,9,2653,Home,5,249.06,Mumbai,Card,1245.3,01/01/2023,2023-01,Sunday
831,01/01/2023,74,2952,Beauty,3,391.9,Kolkata,NetBanking,1175.7,01/01/2023,2023-01,Sunday
832,01/01/2023,442,2308,Beauty,3,180.56,Bangalore,Card,541.68,01/01/2023,2023-01,Sunday
833,01/01/2023,492,4252,Beauty,3,263.83,Kolkata,NetBanking,791.49,01/01/2023,2023-01,Sunday
834,01/01/2023,401,3292,Beauty,1,321.1,Kolkata,NetBanking,321.1,01/01/2023,2023-01,Sunday
835,01/01/2023,253,1565,Grocery,3,129.28,Bangalore,NetBanking,387.84,01/01/2023,2023-01,Sunday
836,01/01/2023,230,2972,Electronics,5,33.69,Bangalore,NetBanking,168.45,01/01/2023,2023-01,Sunday
837,01/01/2023,7,1880,Fashion,3,300.29,Bangalore,UPI,900.87,01/01/2023,2023-01,Sunday
838,01/01/2023,174,3210,Grocery,2,221.12,Delhi,UPI,442.24,01/01/2023,2023-01,Sunday
839,01/01/2023,141,2561,Grocery,5,380.67,Kolkata,Cash,1903.35,01/01/2023,2023-01,Sunday
840,01/01/2023,168,4350,Home,3,17.59,Bangalore,UPI,52.77,01/01/2023,2023-01,Sunday
841,01/01/2023,170,2444,Beauty,1,411.87,Chennai,Cash,411.87,01/01/2023,2023-01,Sunday
842,01/01/2023,393,3970,Beauty,5,422.55,Chennai,NetBanking,2112.75,01/01/2023,2023-01,Sunday
843,01/01/2023,434,2967,Beauty,5,288.15,Bangalore,NetBanking,1440.75,01/01/2023,2023-01,Sunday
844,01/01/2023,283,3991,Fashion,3,165.14,Delhi,Card,495.42,01/01/2023,2023-01,Sunday
845,01/01/2023,122,4222,Electronics,1,285.92,Bangalore,NetBanking,285.92,01/01/2023,2023-01,Sunday
846,01/01/2023,194,1293,Home,4,259.64,Kolkata,Cash,1038.56,01/01/2023,2023-01,Sunday
847,01/01/2023,5,1945,Grocery,5,13.87,Delhi,NetBanking,69.35,01/01/2023,2023-01,Sunday
848,01/01/2023,29,3801,Electronics,4,434.66,Chennai,Card,1738.64,01/01/2023,2023-01,Sunday
849,01/01/2023,165,2949,Electronics,3,130.45,Hyderabad,Card,391.35,01/01/2023,2023-01,Sunday
850,01/01/2023,422,4378,Grocery,1,112.12,Mumbai,NetBanking,112.12,01/01/2023,2023-01,Sunday
851,01/01/2023,339,1880,Fashion,1,56.14,Kolkata,Card,56.14,01/01/2023,2023-01,Sunday
852,01/01/2023,136,1362,Fashion,3,369.11,Chennai,UPI,1107.33,01/01/2023,2023-01,Sunday
853,01/01/2023,496,4305,Electronics,3,250.93,Delhi,Cash,752.79,01/01/2023,2023-01,Sunday
854,01/01/2023,365,4601,Beauty,3,170.63,Kolkata,UPI,511.89,01/01/2023,2023-01,Sunday
855,01/01/2023,321,4633,Beauty,1,440.77,Chennai,Cash,440.77,01/01/2023,2023-01,Sunday
856,01/01/2023,342,3751,Home,2,380.17,Bangalore,Card,760.34,01/01/2023,2023-01,Sunday
857,01/01/2023,500,1221,Home,1,24.53,Bangalore,Card,24.53,01/01/2023,2023-01,Sunday
858,01/01/2023,145,1082,Beauty,3,149.55,Delhi,NetBanking,448.65,01/01/2023,2023-01,Sunday
859,01/01/2023,327,4062,Electronics,4,227.53,Delhi,NetBanking,910.12,01/01/2023,2023-01,Sunday
860,01/01/2023,217,1620,Home,2,418.53,Hyderabad,NetBanking,837.06,01/01/2023,2023-01,Sunday
861,01/01/2023,301,4135,Home,4,441.54,Hyderabad,UPI,1766.16,01/01/2023,2023-01,Sunday
862,01/01/2023,132,4753,Home,1,341.39,Kolkata,Card,341.39,01/01/2023,2023-01,Sunday
863,01/01/2023,292,4498,Electronics,1,35.65,Chennai,Card,35.65,01/01/2023,2023-01,Sunday
864,01/01/2023,70,3048,Beauty,5,225.93,Bangalore,UPI,1129.65,01/01/2023,2023-01,Sunday
865,01/01/2023,252,2196,Beauty,1,450.93,Bangalore,Cash,450.93,01/01/2023,2023-01,Sunday
866,01/01/2023,415,3499,Grocery,5,23.4,Kolkata,Card,117,01/01/2023,2023-01,Sunday
867,01/01/2023,275,1592,Home,1,112.46,Bangalore,Cash,112.46,01/01/2023,2023-01,Sunday
868,01/01/2023,445,4236,Electronics,3,27.49,Bangalore,Card,82.47,01/01/2023,2023-01,Sunday
869,01/01/2023,364,4653,Fashion,5,11.05,Hyderabad,Cash,55.25,01/01/2023,2023-01,Sunday
870,01/01/2023,182,3151,Grocery,3,38.88,Chennai,Cash,116.64,01/01/2023,2023-01,Sunday
871,01/01/2023,167,4568,Beauty,1,299.4,Mumbai,UPI,299.4,01/01/2023,2023-01,Sunday
872,01/01/2023,91,2899,Beauty,1,440.7,Mumbai,Cash,440.7,01/01/2023,2023-01,Sunday
873,01/01/2023,202,2905,Fashion,3,217.49,Mumbai,UPI,652.47,01/01/2023,2023-01,Sunday
874,01/01/2023,346,2512,Home,2,284.47,Delhi,NetBanking,568.94,01/01/2023,2023-01,Sunday
875,01/01/2023,19,4192,Grocery,3,302.98,Bangalore,NetBanking,908.94,01/01/2023,2023-01,Sunday
876,01/01/2023,39,1798,Electronics,1,481.08,Chennai,Card,481.08,01/01/2023,2023-01,Sunday
877,01/01/2023,126,1293,Electronics,5,86.03,Kolkata,Cash,430.15,01/01/2023,2023-01,Sunday
878,01/01/2023,451,2301,Home,3,227.41,Kolkata,Cash,682.23,01/01/2023,2023-01,Sunday
879,01/01/2023,173,1212,Fashion,1,447.46,Kolkata,Cash,447.46,01/01/2023,2023-01,Sunday
880,01/01/2023,141,1469,Electronics,1,455.86,Chennai,UPI,455.86,01/01/2023,2023-01,Sunday
881,01/01/2023,242,2138,Beauty,2,439.42,Delhi,Cash,878.84,01/01/2023,2023-01,Sunday
882,01/01/2023,220,4756,Electronics,4,448.84,Mumbai,Cash,1795.36,01/01/2023,2023-01,Sunday
883,01/01/2023,126,2186,Electronics,2,238.09,Mumbai,Cash,476.18,01/01/2023,2023-01,Sunday
884,01/01/2023,58,4707,Electronics,5,32.85,Chennai,UPI,164.25,01/01/2023,2023-01,Sunday
885,01/01/2023,148,4420,Home,3,492.55,Bangalore,Card,1477.65,01/01/2023,2023-01,Sunday
886,01/01/2023,476,4863,Home,1,102.59,Delhi,UPI,102.59,01/01/2023,2023-01,Sunday
887,01/01/2023,456,1189,Home,1,41.7,Kolkata,Card,41.7,01/01/2023,2023-01,Sunday
888,01/01/2023,317,1272,Beauty,1,496.14,Mumbai,NetBanking,496.14,01/01/2023,2023-01,Sunday
889,01/01/2023,383,1995,Home,4,304.08,Delhi,NetBanking,1216.32,01/01/2023,2023-01,Sunday
890,01/01/2023,361,3988,Grocery,4,228.33,Kolkata,UPI,913.32,01/01/2023,2023-01,Sunday
891,01/01/2023,423,3111,Beauty,5,165.87,Hyderabad,Cash,829.35,01/01/2023,2023-01,Sunday
892,01/01/2023,1,4889,Electronics,2,309.13,Kolkata,Cash,618.26,01/01/2023,2023-01,Sunday
893,01/01/2023,387,2531,Home,5,263.62,Bangalore,NetBanking,1318.1,01/01/2023,2023-01,Sunday
894,01/01/2023,461,2558,Fashion,4,369.6,Bangalore,Cash,1478.4,01/01/2023,2023-01,Sunday
895,01/01/2023,348,1585,Fashion,4,6.42,Chennai,Card,25.68,01/01/2023,2023-01,Sunday
896,01/01/2023,190,3932,Electronics,4,345.6,Delhi,Card,1382.4,01/01/2023,2023-01,Sunday
897,01/01/2023,191,4804,Grocery,2,227.21,Delhi,Cash,454.42,01/01/2023,2023-01,Sunday
898,01/01/2023,369,3660,Fashion,4,117.51,Bangalore,Cash,470.04,01/01/2023,2023-01,Sunday
899,01/01/2023,409,1410,Fashion,3,338.84,Mumbai,NetBanking,1016.52,01/01/2023,2023-01,Sunday
900,01/01/2023,312,2427,Electronics,2,444.16,Chennai,Cash,888.32,01/01/2023,2023-01,Sunday
901,01/01/2023,417,3699,Home,3,340.71,Chennai,Cash,1022.13,01/01/2023,2023-01,Sunday
902,01/01/2023,422,4237,Home,2,25.54,Hyderabad,UPI,51.08,01/01/2023,2023-01,Sunday
903,01/01/2023,117,3361,Fashion,5,200.64,Chennai,NetBanking,1003.2,01/01/2023,2023-01,Sunday
904,01/01/2023,134,1453,Beauty,2,393.79,Delhi,Cash,787.58,01/01/2023,2023-01,Sunday
905,01/01/2023,58,4509,Fashion,3,264.37,Chennai,UPI,793.11,01/01/2023,2023-01,Sunday
906,01/01/2023,44,3265,Beauty,2,172.32,Hyderabad,Card,344.64,01/01/2023,2023-01,Sunday
907,01/01/2023,173,4031,Fashion,2,314.34,Delhi,UPI,628.68,01/01/2023,2023-01,Sunday
908,01/01/2023,160,1749,Electronics,4,253.26,Delhi,Cash,1013.04,01/01/2023,2023-01,Sunday
909,01/01/2023,173,4265,Fashion,3,309.78,Mumbai,NetBanking,929.34,01/01/2023,2023-01,Sunday
910,01/01/2023,317,3175,Grocery,4,363.14,Hyderabad,NetBanking,1452.56,01/01/2023,2023-01,Sunday
911,01/01/2023,303,2475,Grocery,5,302.66,Chennai,NetBanking,1513.3,01/01/2023,2023-01,Sunday
912,01/01/2023,149,4165,Beauty,2,173.99,Hyderabad,UPI,347.98,01/01/2023,2023-01,Sunday
913,01/01/2023,80,1769,Grocery,1,338.83,Kolkata,Cash,338.83,01/01/2023,2023-01,Sunday
914,01/01/2023,374,4064,Grocery,2,366.96,Mumbai,Card,733.92,01/01/2023,2023-01,Sunday
915,01/01/2023,213,1445,Beauty,5,408.18,Kolkata,UPI,2040.9,01/01/2023,2023-01,Sunday
916,01/01/2023,203,1700,Home,5,300.03,Bangalore,Cash,1500.15,01/01/2023,2023-01,Sunday
917,01/01/2023,252,3719,Home,4,244.06,Chennai,Card,976.24,01/01/2023,2023-01,Sunday
918,01/01/2023,229,3565,Grocery,5,93.09,Hyderabad,UPI,465.45,01/01/2023,2023-01,Sunday
919,01/01/2023,164,4897,Home,3,53.89,Chennai,UPI,161.67,01/01/2023,2023-01,Sunday
920,01/01/2023,227,1448,Fashion,2,258.6,Mumbai,NetBanking,517.2,01/01/2023,2023-01,Sunday
921,01/01/2023,147,3153,Fashion,1,111.3,Mumbai,Card,111.3,01/01/2023,2023-01,Sunday
922,01/01/2023,20,4158,Home,4,497.2,Hyderabad,NetBanking,1988.8,01/01/2023,2023-01,Sunday
923,01/01/2023,441,1629,Electronics,3,169.33,Mumbai,Card,507.99,01/01/2023,2023-01,Sunday
924,01/01/2023,402,2820,Home,4,228.59,Delhi,NetBanking,914.36,01/01/2023,2023-01,Sunday
925,01/01/2023,47,1248,Electronics,1,152.32,Chennai,Card,152.32,01/01/2023,2023-01,Sunday
926,01/01/2023,233,2652,Home,5,495.68,Hyderabad,Card,2478.4,01/01/2023,2023-01,Sunday
927,01/01/2023,305,3823,Home,3,267.01,Chennai,Card,801.03,01/01/2023,2023-01,Sunday
928,01/01/2023,14,1893,Fashion,1,420.61,Hyderabad,Card,420.61,01/01/2023,2023-01,Sunday
929,01/01/2023,143,3870,Grocery,1,333.17,Kolkata,Cash,333.17,01/01/2023,2023-01,Sunday
930,01/01/2023,415,3858,Grocery,1,115.29,Delhi,Cash,115.29,01/01/2023,2023-01,Sunday
931,01/01/2023,1,1215,Electronics,1,488.1,Mumbai,Card,488.1,01/01/2023,2023-01,Sunday
932,01/01/2023,373,2717,Grocery,2,184.47,Mumbai,Card,368.94,01/01/2023,2023-01,Sunday
933,01/01/2023,54,3316,Home,1,451.59,Hyderabad,UPI,451.59,01/01/2023,2023-01,Sunday
934,01/01/2023,374,2931,Home,3,39.58,Bangalore,NetBanking,118.74,01/01/2023,2023-01,Sunday
935,01/01/2023,259,1452,Beauty,4,55.68,Hyderabad,Card,222.72,01/01/2023,2023-01,Sunday
936,01/01/2023,144,4474,Beauty,3,141.85,Mumbai,Card,425.55,01/01/2023,2023-01,Sunday
937,01/01/2023,471,1465,Beauty,5,474.82,Kolkata,NetBanking,2374.1,01/01/2023,2023-01,Sunday
938,01/01/2023,441,3830,Beauty,2,322.21,Mumbai,UPI,644.42,01/01/2023,2023-01,Sunday
939,01/01/2023,459,4147,Home,3,288.73,Kolkata,Cash,866.19,01/01/2023,2023-01,Sunday
940,01/01/2023,12,4181,Fashion,2,323.67,Chennai,Cash,647.34,01/01/2023,2023-01,Sunday
941,01/01/2023,330,3506,Grocery,5,229.12,Mumbai,NetBanking,1145.6,01/01/2023,2023-01,Sunday
942,01/01/2023,224,2540,Fashion,2,18.42,Kolkata,Cash,36.84,01/01/2023,2023-01,Sunday
943,01/01/2023,272,1658,Beauty,5,490.93,Kolkata,NetBanking,2454.65,01/01/2023,2023-01,Sunday
944,01/01/2023,456,4841,Grocery,4,289.81,Mumbai,NetBanking,1159.24,01/01/2023,2023-01,Sunday
945,01/01/2023,358,1675,Beauty,2,28.33,Mumbai,UPI,56.66,01/01/2023,2023-01,Sunday
946,01/01/2023,460,1904,Beauty,1,165.34,Kolkata,NetBanking,165.34,01/01/2023,2023-01,Sunday
947,01/01/2023,408,2146,Home,4,380.12,Mumbai,Cash,1520.48,01/01/2023,2023-01,Sunday
948,01/01/2023,156,3503,Home,1,459.61,Chennai,NetBanking,459.61,01/01/2023,2023-01,Sunday
949,01/01/2023,373,2310,Beauty,2,232.22,Delhi,Cash,464.44,01/01/2023,2023-01,Sunday
950,01/01/2023,8,2582,Electronics,3,473.62,Delhi,NetBanking,1420.86,01/01/2023,2023-01,Sunday
951,01/01/2023,122,4677,Electronics,4,495.01,Mumbai,Cash,1980.04,01/01/2023,2023-01,Sunday
952,01/01/2023,348,3487,Beauty,3,155.86,Delhi,Card,467.58,01/01/2023,2023-01,Sunday
953,01/01/2023,164,4597,Home,2,269.25,Chennai,UPI,538.5,01/01/2023,2023-01,Sunday
954,01/01/2023,90,3746,Home,4,180.9,Chennai,UPI,723.6,01/01/2023,2023-01,Sunday
955,01/01/2023,136,4094,Beauty,5,103.26,Chennai,UPI,516.3,01/01/2023,2023-01,Sunday
956,01/01/2023,186,1326,Home,2,366.58,Kolkata,Card,733.16,01/01/2023,2023-01,Sunday
957,01/01/2023,316,1020,Electronics,5,463.85,Chennai,NetBanking,2319.25,01/01/2023,2023-01,Sunday
958,01/01/2023,178,4015,Electronics,5,246.25,Kolkata,Card,1231.25,01/01/2023,2023-01,Sunday
959,01/01/2023,28,4523,Beauty,5,165.04,Bangalore,UPI,825.2,01/01/2023,2023-01,Sunday
960,01/01/2023,220,3759,Fashion,4,41.62,Mumbai,Card,166.48,01/01/2023,2023-01,Sunday
961,01/01/2023,357,1104,Electronics,5,37.27,Mumbai,Card,186.35,01/01/2023,2023-01,Sunday
962,01/01/2023,41,3122,Fashion,4,486.22,Hyderabad,Cash,1944.88,01/01/2023,2023-01,Sunday
963,01/01/2023,228,2047,Home,4,273.7,Bangalore,Cash,1094.8,01/01/2023,2023-01,Sunday
964,01/01/2023,192,2160,Beauty,4,37.1,Mumbai,Card,148.4,01/01/2023,2023-01,Sunday
965,01/01/2023,411,4536,Electronics,3,393.14,Delhi,Card,1179.42,01/01/2023,2023-01,Sunday
966,01/01/2023,447,1785,Fashion,2,90.54,Hyderabad,UPI,181.08,01/01/2023,2023-01,Sunday
967,01/01/2023,145,2172,Beauty,3,294.92,Hyderabad,Cash,884.76,01/01/2023,2023-01,Sunday
968,01/01/2023,201,2502,Home,5,323.72,Delhi,Card,1618.6,01/01/2023,2023-01,Sunday
969,01/01/2023,417,4976,Fashion,4,402.24,Delhi,UPI,1608.96,01/01/2023,2023-01,Sunday
970,01/01/2023,212,2964,Electronics,3,480.74,Kolkata,Cash,1442.22,01/01/2023,2023-01,Sunday
971,01/01/2023,461,1609,Electronics,1,283.36,Kolkata,Cash,283.36,01/01/2023,2023-01,Sunday
972,01/01/2023,220,2104,Beauty,5,80.58,Delhi,UPI,402.9,01/01/2023,2023-01,Sunday
973,01/01/2023,240,1404,Grocery,3,319.03,Hyderabad,Cash,957.09,01/01/2023,2023-01,Sunday
974,01/01/2023,413,1726,Home,5,36.56,Hyderabad,UPI,182.8,01/01/2023,2023-01,Sunday
975,01/01/2023,397,1171,Electronics,4,330.54,Kolkata,NetBanking,1322.16,01/01/2023,2023-01,Sunday
976,01/01/2023,46,2404,Grocery,5,30.43,Mumbai,NetBanking,152.15,01/01/2023,2023-01,Sunday
977,01/01/2023,35,1547,Electronics,2,251.46,Chennai,UPI,502.92,01/01/2023,2023-01,Sunday
978,01/01/2023,253,4297,Home,4,36.12,Mumbai,NetBanking,144.48,01/01/2023,2023-01,Sunday
979,01/01/2023,390,3889,Grocery,1,347.12,Mumbai,Cash,347.12,01/01/2023,2023-01,Sunday
980,01/01/2023,82,3909,Home,4,302.75,Delhi,UPI,1211,01/01/2023,2023-01,Sunday
981,01/01/2023,371,3339,Fashion,5,427.69,Mumbai,UPI,2138.45,01/01/2023,2023-01,Sunday
982,01/01/2023,256,3975,Home,1,236.47,Mumbai,Card,236.47,01/01/2023,2023-01,Sunday
983,01/01/2023,197,3202,Electronics,3,472.84,Hyderabad,Cash,1418.52,01/01/2023,2023-01,Sunday
984,01/01/2023,303,1503,Grocery,4,177.96,Delhi,Cash,711.84,01/01/2023,2023-01,Sunday
985,01/01/2023,409,4392,Home,1,237.16,Bangalore,UPI,237.16,01/01/2023,2023-01,Sunday
986,01/01/2023,450,1208,Beauty,5,493.07,Chennai,NetBanking,2465.35,01/01/2023,2023-01,Sunday
987,01/01/2023,10,3091,Grocery,3,481.3,Mumbai,NetBanking,1443.9,01/01/2023,2023-01,Sunday
988,01/01/2023,312,4272,Electronics,3,241.59,Hyderabad,Card,724.77,01/01/2023,2023-01,Sunday
989,01/01/2023,286,3257,Electronics,4,183.74,Mumbai,UPI,734.96,01/01/2023,2023-01,Sunday
990,01/01/2023,242,3965,Fashion,2,307.75,Bangalore,Card,615.5,01/01/2023,2023-01,Sunday
991,01/01/2023,251,3397,Grocery,5,495.52,Mumbai,Card,2477.6,01/01/2023,2023-01,Sunday
992,01/01/2023,365,2994,Fashion,2,493.01,Bangalore,Cash,986.02,01/01/2023,2023-01,Sunday
993,01/01/2023,5,4575,Electronics,3,135.17,Chennai,NetBanking,405.51,01/01/2023,2023-01,Sunday
994,01/01/2023,119,2787,Home,3,105.65,Bangalore,Card,316.95,01/01/2023,2023-01,Sunday
995,01/01/2023,289,2257,Fashion,5,427.07,Bangalore,Card,2135.35,01/01/2023,2023-01,Sunday
996,01/01/2023,374,2833,Home,3,432.37,Chennai,Cash,1297.11,01/01/2023,2023-01,Sunday
997,01/01/2023,65,1495,Home,1,302.04,Chennai,Card,302.04,01/01/2023,2023-01,Sunday
998,01/01/2023,146,2087,Electronics,4,35.81,Chennai,NetBanking,143.24,01/01/2023,2023-01,Sunday
999,01/01/2023,224,3403,Electronics,5,37.11,Chennai,NetBanking,185.55,01/01/2023,2023-01,Sunday
1000,01/01/2023,239,2931,Electronics,1,332.08,Bangalore,NetBanking,332.08,01/01/2023,2023-01,Sunday
