customer_id,last_txn_date,recency_days,frequency_count,monetary_value,R_score,F_score,M_score,rfm_code,segment
14432,01/09/2027,-635,4,9005.34,2,1,1,211,At Risk
15126,01/03/2028,-817,4,8664.66,1,1,1,111,At Risk
37632,01/05/2028,-878,5,8529.12,1,1,1,111,At Risk
44055,01/05/2028,-878,4,8261.04,1,1,1,111,At Risk
25032,01/08/2027,-604,5,8229.4,2,1,1,211,At Risk
81180,01/12/2027,-726,4,8136.74,1,1,1,111,At Risk
82369,01/03/2028,-817,4,8088.58,1,1,1,111,At Risk
47487,01/12/2025,4,4,7844.24,3,1,1,311,Regular
97897,01/10/2024,430,4,7836.59,4,1,1,411,Regular
97983,01/09/2028,-1001,5,7825.89,1,1,1,111,At Risk
65123,01/06/2028,-909,4,7793.93,1,1,1,111,At Risk
45301,01/06/2028,-909,5,7780.51,1,1,1,111,At Risk
35150,01/02/2028,-788,5,7652.92,1,1,1,111,At Risk
84460,01/04/2028,-848,4,7626.94,1,1,1,111,At Risk
47429,01/06/2027,-543,5,7619.67,2,1,1,211,At Risk
44911,01/06/2028,-909,5,7520.59,1,1,1,111,At Risk
22501,01/07/2027,-573,4,7428.84,2,1,1,211,At Risk
85450,01/02/2028,-788,6,7402.9,1,1,1,111,At Risk
82936,01/07/2028,-939,5,7291.26,1,1,1,111,At Risk
16486,01/12/2026,-361,4,7290.8,2,1,1,211,At Risk
41921,01/05/2024,583,4,7249.97,5,1,1,511,Regular
53585,01/01/2025,338,4,7203.37,4,1,1,411,Regular
18308,01/04/2026,-117,4,7192.65,3,1,1,311,Regular
10207,01/05/2028,-878,5,7154.78,1,1,1,111,At Risk
86474,01/05/2028,-878,4,7143.11,1,1,1,111,At Risk
64021,01/04/2025,248,4,7137.05,4,1,1,411,Regular
75206,01/05/2025,218,4,7130.55,4,1,1,411,Regular
41480,01/10/2027,-665,4,7087.9,2,1,1,211,At Risk
62603,01/07/2028,-939,3,7066.04,1,1,1,111,At Risk
74544,01/07/2028,-939,4,6964.14,1,1,1,111,At Risk
94766,01/12/2025,4,4,6950.42,3,1,1,311,Regular
10785,01/11/2027,-696,4,6929.72,1,1,1,111,At Risk
60528,01/03/2026,-86,4,6919.54,3,1,1,311,Regular
28167,01/03/2028,-817,4,6903.18,1,1,1,111,At Risk
44016,01/12/2026,-361,3,6865.36,2,1,1,211,At Risk
77260,01/07/2027,-573,3,6850.01,2,1,1,211,At Risk
39000,01/08/2028,-970,4,6809.84,1,1,1,111,At Risk
18680,01/05/2024,583,3,6775.06,4,1,1,411,Regular
54327,01/08/2028,-970,5,6745.75,1,1,1,111,At Risk
23057,01/06/2026,-178,3,6718.68,3,1,1,311,Regular
18070,01/05/2027,-512,4,6700.99,2,1,1,211,At Risk
21218,01/07/2028,-939,3,6676.39,1,1,1,111,At Risk
76234,01/04/2027,-482,4,6676.3,2,1,1,211,At Risk
42624,01/08/2026,-239,5,6638.72,3,1,1,311,Regular
16553,01/06/2028,-909,4,6608.91,1,1,1,111,At Risk
41174,01/12/2025,4,5,6604.86,3,1,1,311,Regular
37350,01/07/2024,522,3,6599.43,4,1,1,411,Regular
72668,01/07/2026,-208,3,6597.34,3,1,1,311,Regular
17114,01/07/2027,-573,4,6555.64,2,1,1,211,At Risk
58555,01/05/2028,-878,5,6547.42,1,1,1,111,At Risk
17543,01/03/2025,279,3,6547.1,4,1,1,411,Regular
47892,01/04/2027,-482,4,6545.22,2,1,1,211,At Risk
63028,01/06/2028,-909,4,6534.73,1,1,1,111,At Risk
26167,01/04/2025,248,3,6528.69,4,1,1,411,Regular
18155,01/09/2024,460,4,6481.89,4,1,1,411,Regular
87735,01/11/2025,34,3,6468.13,3,1,1,311,Regular
30150,01/06/2025,187,3,6441.33,4,1,1,411,Regular
44578,01/08/2023,857,3,6432.83,5,1,1,511,Regular
90729,01/11/2026,-331,5,6430.71,2,1,1,211,At Risk
47289,01/01/2027,-392,3,6407.83,2,1,1,211,At Risk
19304,01/03/2027,-451,5,6404.4,2,1,1,211,At Risk
76617,01/06/2024,552,4,6403.92,4,1,1,411,Regular
68928,01/08/2027,-604,3,6397.6,2,1,1,211,At Risk
36532,01/01/2028,-757,3,6369.69,1,1,1,111,At Risk
12693,01/01/2028,-757,5,6359.68,1,1,1,111,At Risk
65029,01/11/2026,-331,3,6352.06,2,1,1,211,At Risk
97508,01/05/2025,218,5,6322.43,4,1,1,411,Regular
25029,01/10/2027,-665,4,6315.27,1,1,1,111,At Risk
43550,01/02/2028,-788,4,6289.47,1,1,1,111,At Risk
46668,01/01/2025,338,3,6283.17,4,1,1,411,Regular
63441,01/09/2025,95,3,6234.48,4,1,1,411,Regular
10645,01/01/2028,-757,7,6227.71,1,1,1,111,At Risk
78498,01/01/2026,-27,3,6227.01,3,1,1,311,Regular
34660,01/07/2026,-208,5,6209.9,3,1,1,311,Regular
52533,01/04/2023,979,3,6208.81,5,1,1,511,Regular
38205,01/07/2028,-939,4,6204.51,1,1,1,111,At Risk
97393,01/08/2028,-970,3,6204.33,1,1,1,111,At Risk
23369,01/01/2028,-757,3,6178.33,1,1,1,111,At Risk
72292,01/04/2023,979,3,6177.7,5,1,1,511,Regular
49809,01/07/2024,522,3,6167.55,4,1,1,411,Regular
31352,01/12/2027,-726,5,6164.8,1,1,1,111,At Risk
83963,01/04/2028,-848,3,6163.96,1,1,1,111,At Risk
10386,01/10/2024,430,3,6163.08,4,1,1,411,Regular
97090,01/08/2028,-970,3,6160.48,1,1,1,111,At Risk
20683,01/08/2028,-970,4,6158.97,1,1,1,111,At Risk
48513,01/03/2028,-817,4,6147.01,1,1,1,111,At Risk
70197,01/09/2028,-1001,4,6143.55,1,1,1,111,At Risk
95482,01/12/2027,-726,3,6138.95,1,1,1,111,At Risk
21093,01/03/2028,-817,5,6136,1,1,1,111,At Risk
90308,01/09/2028,-1001,3,6129.66,1,1,1,111,At Risk
46258,01/01/2028,-757,4,6117.71,1,1,1,111,At Risk
65421,01/02/2028,-788,3,6113.72,1,1,1,111,At Risk
55543,01/07/2027,-573,5,6106.85,2,1,1,211,At Risk
23224,01/08/2024,491,3,6091.75,4,1,1,411,Regular
75441,01/01/2027,-392,3,6085.86,2,1,1,211,At Risk
81895,01/01/2025,338,3,6064.98,4,1,1,411,Regular
44723,01/02/2026,-58,3,6057.7,3,1,1,311,Regular
28157,01/03/2026,-86,3,6045.74,3,1,1,311,Regular
11085,01/09/2028,-1001,4,6032.98,1,1,1,111,At Risk
71196,01/08/2027,-604,4,6032.37,2,1,1,211,At Risk
25223,01/09/2027,-635,3,6030.8,2,1,1,211,At Risk
14213,01/03/2028,-817,3,6028.66,1,1,1,111,At Risk
56515,01/07/2028,-939,4,6024.01,1,1,1,111,At Risk
97298,01/01/2028,-757,4,6017.73,1,1,1,111,At Risk
34466,01/01/2027,-392,4,6017.66,2,1,1,211,At Risk
66373,01/01/2027,-392,3,6015.18,2,1,1,211,At Risk
74322,01/07/2028,-939,3,5991.27,1,1,1,111,At Risk
81442,01/06/2026,-178,3,5983.71,3,1,1,311,Regular
93391,01/12/2025,4,3,5983.17,3,1,1,311,Regular
47146,01/11/2027,-696,3,5978.29,1,1,1,111,At Risk
97498,01/04/2027,-482,4,5946.78,2,1,1,211,At Risk
83509,01/07/2027,-573,5,5938.9,2,1,1,211,At Risk
64895,01/05/2028,-878,3,5936.48,1,1,1,111,At Risk
60799,01/10/2027,-665,4,5931.78,2,1,1,211,At Risk
66942,01/02/2023,1038,2,5911.18,5,1,1,511,Regular
93251,01/08/2024,491,5,5903.31,4,1,1,411,Regular
43971,01/02/2027,-423,3,5899.09,2,1,1,211,At Risk
34003,01/04/2026,-117,3,5894.21,3,1,1,311,Regular
94555,01/02/2023,1038,2,5893.52,5,1,1,511,Regular
31788,01/12/2026,-361,4,5881.68,2,1,1,211,At Risk
50721,01/10/2027,-665,3,5879.24,1,1,1,111,At Risk
98499,01/02/2028,-788,4,5876.15,1,1,1,111,At Risk
87848,01/01/2027,-392,4,5874.73,2,1,1,211,At Risk
75263,01/09/2027,-635,3,5867.57,2,1,1,211,At Risk
15974,01/07/2026,-208,3,5836.49,3,1,1,311,Regular
99461,01/11/2027,-696,4,5821.38,1,1,1,111,At Risk
99941,01/07/2028,-939,4,5810.94,1,1,1,111,At Risk
39592,01/12/2023,735,3,5806.76,5,1,1,511,Regular
65771,01/01/2023,1069,2,5800.92,5,1,1,511,Regular
14621,01/08/2023,857,3,5782.89,5,1,1,511,Regular
64040,01/01/2028,-757,3,5774.85,1,1,1,111,At Risk
23116,01/11/2027,-696,3,5771.11,1,1,1,111,At Risk
41027,01/03/2028,-817,3,5770.95,1,1,1,111,At Risk
65318,01/10/2026,-300,3,5764.52,3,1,1,311,Regular
95382,01/10/2023,796,3,5751.81,5,1,1,511,Regular
45169,01/09/2028,-1001,4,5746.57,1,1,1,111,At Risk
96672,01/01/2023,1069,2,5740.9,5,1,1,511,Regular
97127,01/02/2023,1038,2,5738.52,5,1,1,511,Regular
69789,01/12/2027,-726,5,5738.32,1,1,1,111,At Risk
66921,01/04/2025,248,3,5738.28,4,1,1,411,Regular
28953,01/03/2027,-451,5,5736.81,2,1,1,211,At Risk
44620,01/10/2026,-300,3,5723.57,3,1,1,311,Regular
41551,01/10/2027,-665,4,5722.92,2,1,1,211,At Risk
18418,01/11/2027,-696,4,5718.27,1,1,1,111,At Risk
59922,01/02/2023,1038,2,5717.1,5,1,1,511,Regular
97157,01/09/2026,-270,4,5714.82,3,1,1,311,Regular
47921,01/01/2025,338,3,5704.48,4,1,1,411,Regular
22688,01/04/2026,-117,3,5691.8,3,1,1,311,Regular
38390,01/12/2024,369,3,5681.13,4,1,1,411,Regular
62147,01/04/2027,-482,3,5677.79,2,1,1,211,At Risk
91132,01/07/2028,-939,4,5677.46,1,1,1,111,At Risk
96444,01/08/2023,857,3,5675.07,5,1,1,511,Regular
86719,01/10/2027,-665,4,5667.87,1,1,1,111,At Risk
90224,01/08/2028,-970,3,5663.67,1,1,1,111,At Risk
48623,01/12/2024,369,4,5658.17,4,1,1,411,Regular
25762,01/01/2027,-392,3,5657.94,2,1,1,211,At Risk
54638,01/01/2027,-392,3,5631.42,2,1,1,211,At Risk
64771,01/02/2023,1038,2,5617.36,5,1,1,511,Regular
38604,01/09/2027,-635,3,5617.3,2,1,1,211,At Risk
70403,01/01/2026,-27,4,5614.72,3,1,1,311,Regular
71032,01/10/2027,-665,4,5613.86,1,1,1,111,At Risk
56662,01/08/2028,-970,4,5602.94,1,1,1,111,At Risk
89104,01/06/2026,-178,3,5599.87,3,1,1,311,Regular
72457,01/08/2027,-604,3,5597.3,2,1,1,211,At Risk
97657,01/04/2028,-848,3,5591.32,1,1,1,111,At Risk
82267,01/10/2023,796,3,5590.34,5,1,1,511,Regular
60012,01/05/2028,-878,3,5589.53,1,1,1,111,At Risk
54028,01/04/2024,613,3,5583.79,5,1,1,511,Regular
25701,01/04/2025,248,3,5571.24,4,1,1,411,Regular
14886,01/08/2027,-604,3,5570.23,2,1,1,211,At Risk
83588,01/09/2028,-1001,4,5554.16,1,1,1,111,At Risk
89459,01/04/2026,-117,4,5552.85,3,1,1,311,Regular
60852,01/08/2028,-970,3,5551.23,1,1,1,111,At Risk
63276,01/08/2025,126,4,5546.94,4,1,1,411,Regular
50764,01/06/2028,-909,3,5545.39,1,1,1,111,At Risk
67042,01/12/2027,-726,3,5542.17,1,1,1,111,At Risk
13065,01/07/2028,-939,4,5541.69,1,1,1,111,At Risk
83984,01/07/2028,-939,3,5541.02,1,1,1,111,At Risk
54247,01/12/2023,735,3,5534.08,5,1,1,511,Regular
45739,01/02/2027,-423,4,5527.03,2,1,1,211,At Risk
39917,01/02/2028,-788,2,5526.06,1,2,1,121,At Risk
22857,01/08/2025,126,3,5516.44,4,1,1,411,Regular
53484,01/08/2027,-604,4,5513.97,2,1,1,211,At Risk
24388,01/08/2026,-239,4,5507.2,3,1,1,311,Regular
75524,01/05/2026,-147,4,5500,3,1,1,311,Regular
64012,01/09/2027,-635,3,5499.13,2,1,1,211,At Risk
97438,01/11/2027,-696,4,5497.43,1,1,1,111,At Risk
99084,01/08/2027,-604,4,5485.46,2,1,1,211,At Risk
44157,01/03/2028,-817,3,5476.56,1,1,1,111,At Risk
69321,01/06/2027,-543,4,5474.61,2,1,1,211,At Risk
46939,01/01/2023,1069,2,5471.72,5,1,1,511,Regular
70279,01/02/2023,1038,2,5471.44,5,1,1,511,Regular
82082,01/09/2026,-270,4,5466.03,3,1,1,311,Regular
24905,01/06/2028,-909,3,5463.15,1,1,1,111,At Risk
90984,01/11/2026,-331,3,5460.43,2,1,1,211,At Risk
24060,01/01/2026,-27,3,5460.22,3,1,1,311,Regular
60460,01/05/2028,-878,5,5457.23,1,1,1,111,At Risk
25523,01/01/2028,-757,4,5454.22,1,1,1,111,At Risk
26944,01/02/2027,-423,4,5452.97,2,1,1,211,At Risk
86593,01/06/2028,-909,3,5442.36,1,1,1,111,At Risk
67043,01/01/2023,1069,2,5440.72,5,1,1,511,Regular
64240,01/08/2024,491,4,5436.15,4,1,1,411,Regular
91741,01/04/2027,-482,2,5436.08,2,1,1,211,At Risk
97081,01/10/2026,-300,4,5433.65,2,1,1,211,At Risk
19895,01/10/2025,65,2,5427.36,3,2,1,321,Regular
31447,01/05/2023,949,3,5425.19,5,1,1,511,Regular
67450,01/05/2028,-878,4,5424.28,1,1,1,111,At Risk
89423,01/01/2028,-757,3,5423.69,1,1,1,111,At Risk
76412,01/04/2026,-117,3,5422.66,3,1,1,311,Regular
66138,01/04/2027,-482,3,5416.83,2,1,1,211,At Risk
87568,01/06/2027,-543,3,5413.3,2,1,1,211,At Risk
35522,01/09/2025,95,3,5412.78,4,1,1,411,Regular
16910,01/04/2023,979,3,5404.13,5,1,1,511,Regular
67320,01/05/2027,-512,3,5393.41,2,1,1,211,At Risk
18947,01/08/2027,-604,3,5389.78,2,1,1,211,At Risk
13812,01/11/2027,-696,3,5383.69,1,1,1,111,At Risk
35289,01/01/2023,1069,2,5381.58,5,1,1,511,Regular
17188,01/04/2028,-848,4,5380.46,1,1,1,111,At Risk
88513,01/01/2026,-27,3,5377.47,3,1,1,311,Regular
39778,01/02/2028,-788,3,5376.42,1,1,1,111,At Risk
37385,01/05/2028,-878,3,5368.44,1,1,1,111,At Risk
67804,01/04/2027,-482,5,5368.42,2,1,1,211,At Risk
92386,01/09/2026,-270,3,5365.65,3,1,1,311,Regular
50372,01/07/2027,-573,3,5349.07,2,1,1,211,At Risk
10908,01/08/2024,491,2,5347.85,4,1,1,411,Regular
43993,01/05/2028,-878,4,5341.82,1,1,1,111,At Risk
87895,01/08/2028,-970,4,5341.77,1,1,1,111,At Risk
17235,01/02/2027,-423,3,5341.54,2,1,1,211,At Risk
84826,01/08/2028,-970,3,5341.15,1,1,1,111,At Risk
63625,01/08/2025,126,2,5339.81,4,1,1,411,Regular
88422,01/07/2027,-573,3,5339.64,2,1,1,211,At Risk
66572,01/12/2027,-726,3,5338.83,1,1,1,111,At Risk
72759,01/07/2027,-573,3,5335.82,2,1,1,211,At Risk
12198,01/02/2027,-423,3,5334.18,2,1,1,211,At Risk
61524,01/05/2028,-878,3,5327.97,1,1,1,111,At Risk
43307,01/06/2026,-178,3,5325.91,3,1,1,311,Regular
39703,01/12/2027,-726,3,5323.62,1,1,1,111,At Risk
94651,01/05/2028,-878,3,5319.41,1,1,1,111,At Risk
10946,01/06/2028,-909,3,5317.28,1,1,1,111,At Risk
74140,01/06/2028,-909,3,5314.83,1,1,1,111,At Risk
65084,01/10/2026,-300,3,5312.85,2,1,1,211,At Risk
71457,01/03/2028,-817,3,5311.25,1,1,1,111,At Risk
53201,01/08/2027,-604,3,5311.18,2,1,1,211,At Risk
15539,01/09/2024,460,4,5306.01,4,1,1,411,Regular
54258,01/12/2026,-361,3,5302.99,2,1,1,211,At Risk
59294,01/09/2027,-635,4,5297.98,2,1,1,211,At Risk
62853,01/02/2023,1038,2,5294.08,5,1,1,511,Regular
74889,01/02/2028,-788,3,5293.72,1,1,1,111,At Risk
34686,01/01/2028,-757,3,5291.6,1,1,1,111,At Risk
11645,01/07/2024,522,3,5290.81,4,1,1,411,Regular
12921,01/12/2026,-361,3,5290.61,2,1,1,211,At Risk
20207,01/05/2027,-512,3,5289.28,2,1,1,211,At Risk
57574,01/06/2028,-909,4,5286.13,1,1,1,111,At Risk
56996,01/09/2026,-270,3,5284.29,3,1,1,311,Regular
23869,01/11/2027,-696,4,5277.83,1,1,1,111,At Risk
36641,01/06/2025,187,3,5273.96,4,1,1,411,Regular
72244,01/09/2028,-1001,3,5272.16,1,1,1,111,At Risk
90459,01/12/2027,-726,3,5268.35,1,1,1,111,At Risk
44062,01/08/2025,126,2,5250.44,4,1,1,411,Regular
77258,01/02/2026,-58,2,5249.81,3,2,1,321,Regular
35437,01/02/2028,-788,3,5249.72,1,1,1,111,At Risk
22161,01/02/2028,-788,5,5249.58,1,1,1,111,At Risk
82146,01/03/2027,-451,3,5247.06,2,1,1,211,At Risk
56163,01/06/2023,918,4,5244.86,5,1,1,511,Regular
29481,01/07/2027,-573,3,5244.38,2,1,1,211,At Risk
69821,01/02/2028,-788,3,5238.96,1,1,1,111,At Risk
17561,01/02/2023,1038,2,5236.28,5,1,1,511,Regular
83616,01/05/2024,583,3,5233.31,5,1,1,511,Regular
29738,01/08/2023,857,3,5233.03,5,1,1,511,Regular
85520,01/04/2026,-117,3,5231.67,3,1,1,311,Regular
68954,01/06/2026,-178,2,5230.73,3,1,1,311,Regular
93583,01/10/2025,65,3,5229.08,3,1,1,311,Regular
87271,01/11/2025,34,3,5224.39,3,1,1,311,Regular
92018,01/12/2024,369,4,5222.65,4,1,1,411,Regular
92597,01/01/2027,-392,3,5217.06,2,1,1,211,At Risk
52674,01/09/2028,-1001,3,5216.16,1,1,1,111,At Risk
23718,01/03/2027,-451,3,5214.55,2,1,1,211,At Risk
88682,01/02/2027,-423,3,5213.98,2,1,1,211,At Risk
92945,01/11/2027,-696,4,5211.38,1,1,1,111,At Risk
93807,01/03/2023,1010,3,5206.11,5,1,1,511,Regular
64553,01/02/2023,1038,2,5202.62,5,1,1,511,Regular
27685,01/02/2023,1038,2,5200.38,5,1,1,511,Regular
30058,01/11/2027,-696,3,5195.73,1,1,1,111,At Risk
35168,01/05/2028,-878,3,5194.94,1,1,1,111,At Risk
68565,01/02/2026,-58,3,5194.86,3,1,1,311,Regular
39236,01/03/2027,-451,4,5193.02,2,1,1,211,At Risk
34300,01/05/2026,-147,3,5189.51,3,1,1,311,Regular
79806,01/09/2027,-635,4,5189.03,2,1,1,211,At Risk
98896,01/01/2025,338,2,5187.94,4,1,1,411,Regular
48333,01/04/2025,248,3,5186.71,4,1,1,411,Regular
70921,01/01/2023,1069,2,5184.34,5,1,1,511,Regular
28793,01/04/2026,-117,2,5172.53,3,2,1,321,Regular
48890,01/10/2027,-665,2,5171.03,2,2,1,221,At Risk
16265,01/10/2024,430,3,5166.85,4,1,1,411,Regular
96700,01/12/2025,4,3,5166.82,3,1,1,311,Regular
53039,01/02/2028,-788,3,5160.41,1,1,1,111,At Risk
59649,01/02/2027,-423,4,5155.37,2,1,1,211,At Risk
32474,01/12/2026,-361,4,5148.31,2,1,1,211,At Risk
94694,01/08/2028,-970,3,5146.04,1,1,1,111,At Risk
15895,01/01/2023,1069,2,5141.58,5,1,1,511,Regular
32106,01/06/2028,-909,2,5139.61,1,1,1,111,At Risk
81979,01/05/2026,-147,2,5130.14,3,2,1,321,Regular
36309,01/12/2024,369,4,5129.85,4,1,1,411,Regular
10860,01/08/2026,-239,4,5126.19,3,1,1,311,Regular
80313,01/05/2028,-878,4,5117.37,1,1,1,111,At Risk
95470,01/07/2027,-573,2,5114.81,2,1,1,211,At Risk
25685,01/10/2027,-665,2,5114.42,1,2,1,121,At Risk
22467,01/12/2026,-361,3,5112.35,2,1,1,211,At Risk
51555,01/01/2023,1069,2,5111.6,5,1,1,511,Regular
25438,01/04/2026,-117,3,5111.57,3,1,1,311,Regular
20015,01/05/2027,-512,3,5105.63,2,1,1,211,At Risk
72580,01/02/2028,-788,3,5099.72,1,1,1,111,At Risk
28070,01/02/2028,-788,4,5099.33,1,1,1,111,At Risk
76917,01/11/2025,34,2,5099.2,3,2,1,321,Regular
60502,01/09/2027,-635,3,5093.05,2,1,1,211,At Risk
39925,01/06/2028,-909,3,5090.95,1,1,1,111,At Risk
65180,01/08/2026,-239,3,5085.91,3,1,1,311,Regular
39048,01/09/2027,-635,4,5084.92,2,1,1,211,At Risk
24849,01/03/2026,-86,3,5083.33,3,1,1,311,Regular
99680,01/12/2026,-361,2,5081.02,2,1,1,211,At Risk
44173,01/03/2028,-817,4,5079.94,1,1,1,111,At Risk
71264,01/01/2028,-757,4,5075.81,1,1,1,111,At Risk
72592,01/01/2023,1069,2,5075.04,5,1,1,511,Regular
88824,01/06/2028,-909,3,5074.44,1,1,1,111,At Risk
89183,01/09/2024,460,3,5072.6,4,1,1,411,Regular
66246,01/07/2028,-939,3,5068.4,1,1,1,111,At Risk
23669,01/05/2026,-147,3,5067.84,3,1,1,311,Regular
28201,01/07/2028,-939,3,5067.22,1,1,1,111,At Risk
85969,01/08/2027,-604,4,5064.09,2,1,1,211,At Risk
68335,01/10/2025,65,3,5063.57,3,1,1,311,Regular
91876,01/04/2027,-482,2,5062.82,2,1,1,211,At Risk
54425,01/03/2028,-817,3,5061.12,1,1,1,111,At Risk
32970,01/07/2026,-208,3,5056.79,3,1,1,311,Regular
79285,01/07/2027,-573,3,5054.68,2,1,1,211,At Risk
87400,01/03/2028,-817,4,5054.66,1,1,1,111,At Risk
91449,01/07/2025,157,3,5047.89,4,1,1,411,Regular
63871,01/08/2025,126,4,5043.97,4,1,1,411,Regular
68204,01/08/2027,-604,4,5042.78,2,1,1,211,At Risk
92990,01/01/2026,-27,2,5042.49,3,2,1,321,Regular
86918,01/05/2028,-878,4,5038.09,1,1,1,111,At Risk
80847,01/08/2028,-970,2,5031.95,1,1,1,111,At Risk
96831,01/12/2026,-361,3,5025.14,2,1,1,211,At Risk
92674,01/02/2027,-423,3,5024.25,2,1,1,211,At Risk
87842,01/02/2027,-423,3,5024.13,2,1,1,211,At Risk
91478,01/08/2028,-970,3,5022.74,1,1,1,111,At Risk
71240,01/11/2025,34,3,5017.47,3,1,1,311,Regular
28030,01/09/2026,-270,4,5013.56,3,1,1,311,Regular
40766,01/05/2028,-878,4,5012.93,1,1,1,111,At Risk
51596,01/07/2028,-939,3,5009.31,1,1,1,111,At Risk
23760,01/07/2025,157,3,5002.16,4,1,1,411,Regular
69040,01/02/2027,-423,3,5000.89,2,1,1,211,At Risk
36069,01/07/2023,888,3,5000.81,5,1,1,511,Regular
21292,01/05/2028,-878,2,4998.71,1,1,1,111,At Risk
51606,01/01/2023,1069,2,4989.34,5,1,1,511,Regular
25037,01/04/2027,-482,3,4988.06,2,1,1,211,At Risk
13646,01/02/2026,-58,3,4986.01,3,1,1,311,Regular
20707,01/12/2026,-361,4,4984.56,2,1,1,211,At Risk
37569,01/03/2027,-451,2,4982.56,2,1,1,211,At Risk
35939,01/11/2025,34,4,4982.47,3,1,1,311,Regular
67505,01/01/2026,-27,3,4982,3,1,1,311,Regular
60106,01/07/2028,-939,4,4978.61,1,1,1,111,At Risk
95096,01/12/2026,-361,3,4977.9,2,1,1,211,At Risk
18705,01/11/2027,-696,3,4976.62,1,1,1,111,At Risk
87189,01/08/2028,-970,4,4974.32,1,1,1,111,At Risk
68243,01/02/2023,1038,2,4973.24,5,1,1,511,Regular
19184,01/02/2023,1038,2,4971.44,5,1,1,511,Regular
51430,01/10/2027,-665,5,4968.42,2,1,1,211,At Risk
22924,01/07/2027,-573,3,4965.05,2,1,1,211,At Risk
86860,01/02/2028,-788,3,4959,1,1,1,111,At Risk
96416,01/06/2028,-909,4,4957.71,1,1,1,111,At Risk
38365,01/08/2024,491,3,4952.55,4,1,1,411,Regular
33386,01/04/2027,-482,6,4947.81,2,1,1,211,At Risk
10153,01/09/2028,-1001,2,4947.69,1,1,1,111,At Risk
86325,01/03/2025,279,4,4945.3,4,1,1,411,Regular
78737,01/12/2025,4,2,4944.07,3,2,1,321,Regular
47693,01/11/2026,-331,4,4943.53,2,1,1,211,At Risk
36092,01/01/2023,1069,2,4942.3,5,1,1,511,Regular
96027,01/09/2026,-270,3,4940.68,3,1,1,311,Regular
33664,01/05/2025,218,4,4939.55,4,1,1,411,Regular
72516,01/02/2023,1038,2,4937.06,5,1,1,511,Regular
57984,01/09/2027,-635,3,4935.99,2,1,1,211,At Risk
41653,01/01/2025,338,3,4934.68,4,1,1,411,Regular
32553,01/04/2024,613,3,4933.56,5,1,1,511,Regular
63330,01/06/2027,-543,4,4931.35,2,1,1,211,At Risk
30128,01/08/2024,491,3,4930.26,4,1,1,411,Regular
31826,01/07/2026,-208,3,4925.84,3,1,1,311,Regular
94899,01/01/2027,-392,3,4923.07,2,1,1,211,At Risk
89720,01/04/2026,-117,3,4915.66,3,1,1,311,Regular
97455,01/01/2023,1069,2,4914.98,5,1,1,511,Regular
62142,01/09/2027,-635,5,4910.96,2,1,1,211,At Risk
97313,01/01/2023,1069,2,4910.88,5,1,1,511,Regular
20223,01/08/2026,-239,3,4908.99,3,1,1,311,Regular
56270,01/06/2028,-909,3,4907.05,1,1,1,111,At Risk
14986,01/04/2028,-848,3,4905.59,1,1,1,111,At Risk
55106,01/02/2023,1038,2,4905.58,5,1,1,511,Regular
30932,01/02/2025,307,3,4905.36,4,1,1,411,Regular
56205,01/06/2026,-178,2,4899.49,3,1,1,311,Regular
59214,01/07/2026,-208,2,4898.15,3,1,1,311,Regular
39287,01/06/2028,-909,3,4896.53,1,1,1,111,At Risk
88743,01/02/2027,-423,4,4895.36,2,1,1,211,At Risk
75020,01/04/2026,-117,4,4892.45,3,1,1,311,Regular
84327,01/12/2026,-361,3,4888.33,2,1,1,211,At Risk
88315,01/04/2027,-482,2,4886.02,2,1,1,211,At Risk
52348,01/11/2024,399,4,4883.92,4,1,1,411,Regular
31584,01/12/2026,-361,3,4883.68,2,1,1,211,At Risk
52120,01/03/2026,-86,2,4883.53,3,2,1,321,Regular
37962,01/07/2028,-939,3,4883.38,1,1,1,111,At Risk
33793,01/01/2023,1069,2,4873.2,5,1,1,511,Regular
71382,01/07/2027,-573,2,4872.36,2,1,1,211,At Risk
38715,01/05/2027,-512,3,4870.91,2,1,1,211,At Risk
14944,01/05/2028,-878,3,4869.06,1,1,1,111,At Risk
45162,01/06/2028,-909,3,4868.1,1,1,1,111,At Risk
87011,01/08/2028,-970,3,4867.5,1,1,1,111,At Risk
88812,01/05/2027,-512,5,4865.01,2,1,1,211,At Risk
44584,01/01/2023,1069,2,4864.7,5,1,1,511,Regular
89544,01/09/2026,-270,3,4862.51,3,1,1,311,Regular
34714,01/06/2028,-909,4,4858.23,1,1,1,111,At Risk
54666,01/08/2027,-604,2,4856.7,2,2,1,221,At Risk
84232,01/06/2027,-543,2,4856.25,2,1,1,211,At Risk
57471,01/11/2027,-696,2,4856.24,1,2,1,121,At Risk
78904,01/02/2027,-423,3,4854.08,2,1,1,211,At Risk
23580,01/10/2027,-665,3,4853.64,1,1,1,111,At Risk
94946,01/04/2025,248,2,4851.12,4,1,1,411,Regular
37285,01/02/2023,1038,2,4847.78,5,1,1,511,Regular
76803,01/01/2023,1069,2,4847.22,5,1,1,511,Regular
79519,01/08/2028,-970,5,4846.93,1,1,1,111,At Risk
19363,01/07/2027,-573,3,4844.44,2,1,1,211,At Risk
35525,01/11/2025,34,3,4842.12,3,1,1,311,Regular
91738,01/02/2025,307,2,4840.7,4,1,1,411,Regular
57346,01/07/2028,-939,2,4840.47,1,1,1,111,At Risk
12353,01/06/2028,-909,3,4836.16,1,1,1,111,At Risk
33321,01/03/2026,-86,3,4834.02,3,1,1,311,Regular
57042,01/10/2025,65,2,4831.01,3,2,1,321,Regular
30583,01/05/2028,-878,2,4830.59,1,1,1,111,At Risk
83861,01/08/2026,-239,3,4824.4,3,1,1,311,Regular
81887,01/07/2028,-939,2,4820.1,1,1,1,111,At Risk
11908,01/03/2028,-817,3,4819.05,1,1,1,111,At Risk
60665,01/11/2024,399,2,4818.39,4,1,1,411,Regular
74324,01/09/2026,-270,2,4817.88,3,1,1,311,Regular
46996,01/11/2027,-696,2,4815.32,1,2,1,121,At Risk
16487,01/03/2027,-451,4,4804.91,2,1,1,211,At Risk
21070,01/09/2028,-1001,3,4800.9,1,1,1,111,At Risk
38251,01/12/2023,735,3,4797.08,5,1,1,511,Regular
41024,01/09/2026,-270,3,4796.75,3,1,1,311,Regular
65233,01/08/2027,-604,2,4796.43,2,2,1,221,At Risk
95655,01/02/2023,1038,2,4794.04,5,1,1,511,Regular
22666,01/12/2023,735,3,4793.3,5,1,1,511,Regular
17485,01/02/2025,307,3,4789.84,4,1,1,411,Regular
17420,01/05/2028,-878,3,4788.01,1,1,1,111,At Risk
49986,01/08/2026,-239,4,4787.42,3,1,1,311,Regular
81158,01/05/2024,583,3,4782.39,5,1,1,511,Regular
69056,01/12/2027,-726,4,4778.91,1,1,1,111,At Risk
35772,01/08/2027,-604,3,4778.22,2,1,1,211,At Risk
38036,01/01/2028,-757,3,4777.85,1,1,1,111,At Risk
70282,01/08/2025,126,3,4777.61,4,1,1,411,Regular
63707,01/01/2023,1069,2,4776.14,5,1,1,511,Regular
21226,01/12/2026,-361,3,4772.73,2,1,1,211,At Risk
44674,01/05/2024,583,3,4771.27,5,1,1,511,Regular
72963,01/02/2027,-423,3,4769.21,2,1,1,211,At Risk
63096,01/06/2025,187,3,4765.13,4,1,1,411,Regular
71087,01/01/2023,1069,2,4762.72,5,1,1,511,Regular
15033,01/01/2028,-757,2,4756.93,1,2,1,121,At Risk
33880,01/08/2027,-604,3,4756.92,2,1,1,211,At Risk
29282,01/05/2027,-512,4,4756.91,2,1,1,211,At Risk
98760,01/11/2026,-331,3,4753.72,2,1,1,211,At Risk
94664,01/11/2023,765,3,4748.9,5,1,1,511,Regular
21885,01/12/2027,-726,3,4747.99,1,1,1,111,At Risk
80977,01/06/2028,-909,3,4744.27,1,1,1,111,At Risk
87219,01/03/2025,279,2,4742.37,4,1,1,411,Regular
92152,01/06/2023,918,3,4742.18,5,1,1,511,Regular
61920,01/07/2025,157,3,4742.16,4,1,1,411,Regular
76199,01/05/2025,218,3,4741.1,4,1,1,411,Regular
52861,01/03/2026,-86,3,4739.24,3,1,1,311,Regular
94791,01/04/2026,-117,3,4738.73,3,1,1,311,Regular
98223,01/01/2023,1069,2,4738.4,5,1,1,511,Regular
77194,01/07/2028,-939,3,4736.95,1,1,1,111,At Risk
76358,01/11/2025,34,3,4735.46,3,1,1,311,Regular
26192,01/06/2026,-178,2,4734.47,3,1,1,311,Regular
37387,01/11/2027,-696,3,4732.74,1,1,1,111,At Risk
97044,01/02/2023,1038,2,4732.38,5,1,1,511,Regular
88672,01/07/2024,522,3,4732.37,4,1,1,411,Regular
96840,01/09/2025,95,3,4731.45,4,1,1,411,Regular
85569,01/01/2027,-392,3,4729.18,2,1,1,211,At Risk
54588,01/06/2026,-178,3,4728.6,3,1,1,311,Regular
42398,01/09/2028,-1001,3,4726.39,1,1,1,111,At Risk
91697,01/12/2027,-726,3,4726.11,1,1,1,111,At Risk
65186,01/03/2026,-86,4,4724.71,3,1,1,311,Regular
26651,01/08/2027,-604,3,4722.24,2,1,1,211,At Risk
63173,01/02/2027,-423,3,4719.75,2,1,1,211,At Risk
22905,01/04/2025,248,2,4718.05,4,1,1,411,Regular
97154,01/09/2025,95,3,4717.03,4,1,1,411,Regular
21179,01/03/2028,-817,3,4715.93,1,1,1,111,At Risk
75139,01/09/2027,-635,2,4713.68,2,2,1,221,At Risk
51224,01/01/2028,-757,2,4712.33,1,2,1,121,At Risk
53315,01/02/2026,-58,3,4708.12,3,1,1,311,Regular
92410,01/10/2026,-300,3,4705.25,2,1,1,211,At Risk
59036,01/02/2027,-423,2,4703.41,2,1,1,211,At Risk
34918,01/05/2024,583,3,4703.3,5,1,1,511,Regular
59376,01/05/2025,218,3,4702.32,4,1,1,411,Regular
58821,01/02/2025,307,3,4696.17,4,1,1,411,Regular
22219,01/09/2027,-635,4,4690.77,2,1,1,211,At Risk
52088,01/09/2028,-1001,2,4687.68,1,1,1,111,At Risk
99643,01/04/2027,-482,3,4686.79,2,1,1,211,At Risk
71305,01/03/2028,-817,4,4685.44,1,1,1,111,At Risk
24141,01/07/2028,-939,4,4684.86,1,1,1,111,At Risk
38460,01/01/2028,-757,4,4683.05,1,1,1,111,At Risk
37712,01/02/2027,-423,3,4682.94,2,1,1,211,At Risk
36649,01/12/2027,-726,3,4679.81,1,1,1,111,At Risk
80219,01/02/2028,-788,2,4679.78,1,2,1,121,At Risk
29546,01/02/2028,-788,3,4677.2,1,1,1,111,At Risk
61567,01/06/2027,-543,4,4672.93,2,1,1,211,At Risk
99780,01/04/2025,248,3,4672.71,4,1,1,411,Regular
84716,01/08/2026,-239,3,4672.29,3,1,1,311,Regular
14018,01/02/2024,673,3,4671.91,5,1,1,511,Regular
21534,01/01/2023,1069,2,4667.5,5,1,1,511,Regular
21111,01/01/2023,1069,2,4662.14,5,1,1,511,Regular
48413,01/08/2028,-970,4,4661.26,1,1,1,111,At Risk
93211,01/04/2024,613,3,4660.46,5,1,1,511,Regular
82592,01/07/2026,-208,4,4659.15,3,1,1,311,Regular
93106,01/06/2024,552,3,4656.47,4,1,1,411,Regular
25014,01/06/2027,-543,2,4656.45,2,1,1,211,At Risk
78116,01/10/2026,-300,2,4653.94,2,1,1,211,At Risk
68612,01/03/2027,-451,2,4650.93,2,1,1,211,At Risk
28205,01/09/2026,-270,2,4647.72,3,1,1,311,Regular
37856,01/09/2023,826,3,4647.63,5,1,1,511,Regular
39299,01/01/2024,704,4,4647.6,5,1,1,511,Regular
65891,01/09/2027,-635,2,4647.3,2,2,1,221,At Risk
50888,01/08/2025,126,3,4646.49,4,1,1,411,Regular
67196,01/12/2023,735,2,4645.32,5,2,1,521,Regular
13373,01/05/2027,-512,4,4644.31,2,1,1,211,At Risk
74079,01/06/2028,-909,3,4633.05,1,1,1,111,At Risk
73190,01/05/2025,218,2,4632.8,4,1,1,411,Regular
22521,01/12/2026,-361,4,4632.35,2,1,1,211,At Risk
43043,01/12/2025,4,3,4628.77,3,1,1,311,Regular
77713,01/04/2028,-848,4,4625.1,1,1,1,111,At Risk
88210,01/03/2027,-451,3,4624.67,2,1,1,211,At Risk
80114,01/01/2027,-392,3,4623.83,2,1,1,211,At Risk
31164,01/01/2028,-757,4,4623.07,1,1,1,111,At Risk
92394,01/03/2028,-817,2,4622.99,1,1,1,111,At Risk
29476,01/12/2027,-726,3,4622.65,1,1,1,111,At Risk
52774,01/02/2027,-423,3,4619.15,2,1,1,211,At Risk
69949,01/10/2027,-665,4,4616.87,1,1,1,111,At Risk
49643,01/07/2024,522,2,4616.67,4,1,1,411,Regular
34071,01/02/2023,1038,2,4615.74,5,1,1,511,Regular
19275,01/06/2027,-543,4,4614.76,2,1,1,211,At Risk
25316,01/03/2026,-86,3,4612.12,3,1,1,311,Regular
89035,01/05/2028,-878,3,4611.09,1,1,1,111,At Risk
13006,01/11/2027,-696,3,4610.19,1,1,1,111,At Risk
93285,01/01/2023,1069,2,4608.04,5,1,1,511,Regular
62802,01/01/2028,-757,2,4607.3,1,2,1,121,At Risk
50857,01/03/2025,279,3,4607.03,4,1,1,411,Regular
59116,01/01/2028,-757,2,4601.85,1,2,1,121,At Risk
46444,01/04/2027,-482,3,4600.93,2,1,1,211,At Risk
87338,01/09/2028,-1001,3,4599.99,1,1,1,111,At Risk
53461,01/11/2025,34,2,4599.88,3,2,1,321,Regular
41811,01/08/2028,-970,3,4596.25,1,1,1,111,At Risk
58408,01/06/2026,-178,2,4596.24,3,1,1,311,Regular
74471,01/08/2024,491,3,4596.17,4,1,1,411,Regular
60368,01/07/2027,-573,3,4591.59,2,1,1,211,At Risk
59874,01/06/2027,-543,3,4586.06,2,1,1,211,At Risk
11828,01/02/2023,1038,2,4585.76,5,1,1,511,Regular
56514,01/03/2024,644,3,4581.87,5,1,1,511,Regular
22020,01/10/2027,-665,3,4581.08,1,1,1,111,At Risk
75310,01/03/2026,-86,3,4578.13,3,1,1,311,Regular
42961,01/03/2028,-817,4,4576.57,1,1,1,111,At Risk
80949,01/03/2026,-86,3,4576.45,3,1,1,311,Regular
78056,01/05/2025,218,2,4575.6,4,1,1,411,Regular
69676,01/02/2023,1038,2,4575.5,5,1,1,511,Regular
99106,01/02/2023,1038,2,4574.9,5,1,1,511,Regular
38141,01/08/2023,857,2,4573.07,5,2,1,521,Regular
46126,01/09/2025,95,3,4571.81,3,1,1,311,Regular
74997,01/11/2027,-696,2,4571.41,1,2,1,121,At Risk
99668,01/07/2028,-939,3,4564.93,1,1,1,111,At Risk
99474,01/01/2023,1069,2,4564.78,5,1,1,511,Regular
61507,01/03/2028,-817,2,4564.3,1,1,1,111,At Risk
63420,01/10/2026,-300,3,4562.28,3,1,1,311,Regular
28164,01/05/2028,-878,2,4560.85,1,1,1,111,At Risk
82436,01/06/2027,-543,2,4560.15,2,1,1,211,At Risk
24407,01/06/2027,-543,3,4557.58,2,1,1,211,At Risk
54845,01/07/2028,-939,2,4555.84,1,1,1,111,At Risk
82108,01/06/2027,-543,3,4555.54,2,1,1,211,At Risk
82227,01/01/2024,704,2,4554.54,5,2,1,521,Regular
94458,01/03/2027,-451,5,4552.44,2,1,1,211,At Risk
33306,01/04/2028,-848,2,4550.31,1,1,1,111,At Risk
30316,01/05/2027,-512,3,4550.25,2,1,1,211,At Risk
86552,01/06/2026,-178,3,4550.24,3,1,1,311,Regular
63257,01/04/2028,-848,2,4548.09,1,1,1,111,At Risk
62480,01/06/2028,-909,3,4545.72,1,1,1,111,At Risk
75155,01/02/2023,1038,2,4543.66,5,1,1,511,Regular
84910,01/06/2027,-543,2,4541.89,2,1,1,211,At Risk
98867,01/05/2028,-878,3,4541.1,1,1,1,111,At Risk
24497,01/03/2028,-817,3,4537.52,1,1,1,111,At Risk
61880,01/07/2027,-573,3,4537.2,2,1,1,211,At Risk
37097,01/04/2027,-482,2,4535.44,2,1,1,211,At Risk
19862,01/12/2027,-726,3,4534.5,1,1,1,111,At Risk
34866,01/10/2027,-665,3,4533.81,2,1,1,211,At Risk
65479,01/03/2024,644,3,4532.14,5,1,1,511,Regular
66108,01/06/2028,-909,3,4531.44,1,1,1,111,At Risk
84658,01/03/2027,-451,3,4531.28,2,1,1,211,At Risk
49553,01/02/2027,-423,3,4530.57,2,1,1,211,At Risk
62385,01/06/2028,-909,3,4528.8,1,1,1,111,At Risk
27429,01/01/2023,1069,2,4527.28,5,1,1,511,Regular
48557,01/11/2026,-331,2,4527.11,2,1,1,211,At Risk
68219,01/03/2027,-451,3,4526.58,2,1,1,211,At Risk
33238,01/09/2025,95,3,4524.6,4,1,1,411,Regular
62487,01/02/2023,1038,2,4524.36,5,1,1,511,Regular
47626,01/02/2023,1038,2,4522.74,5,1,1,511,Regular
24429,01/12/2027,-726,2,4519.39,1,2,1,121,At Risk
34815,01/10/2026,-300,3,4518.59,2,1,1,211,At Risk
50631,01/02/2023,1038,2,4516.56,5,1,1,511,Regular
23672,01/07/2027,-573,3,4513.29,2,1,1,211,At Risk
79619,01/01/2028,-757,3,4513.03,1,1,1,111,At Risk
71671,01/02/2028,-788,3,4511.92,1,1,1,111,At Risk
67893,01/03/2027,-451,2,4511.86,2,1,1,211,At Risk
11080,01/07/2026,-208,2,4511.13,3,1,1,311,Regular
18048,01/11/2026,-331,3,4510.42,2,1,1,211,At Risk
74435,01/11/2024,399,3,4503.55,4,1,1,411,Regular
28895,01/08/2024,491,3,4498.24,4,1,1,411,Regular
75841,01/04/2026,-117,3,4494.36,3,1,1,311,Regular
87621,01/01/2027,-392,2,4488.19,2,1,1,211,At Risk
65956,01/06/2026,-178,3,4487.78,3,1,1,311,Regular
23699,01/08/2026,-239,2,4487.77,3,1,1,311,Regular
96704,01/04/2026,-117,4,4486.91,3,1,1,311,Regular
39336,01/11/2027,-696,3,4486.69,1,1,1,111,At Risk
96066,01/11/2024,399,3,4486.23,4,1,1,411,Regular
97895,01/02/2023,1038,2,4486.04,5,1,1,511,Regular
99599,01/10/2027,-665,3,4485.98,2,1,1,211,At Risk
73620,01/04/2025,248,4,4479.46,4,1,1,411,Regular
50663,01/02/2028,-788,2,4479.35,1,2,1,121,At Risk
26760,01/09/2028,-1001,2,4478.79,1,1,1,111,At Risk
30402,01/04/2028,-848,2,4477.06,1,1,1,111,At Risk
58707,01/05/2027,-512,3,4473.01,2,1,1,211,At Risk
97363,01/06/2028,-909,4,4472.81,1,1,1,111,At Risk
14763,01/10/2027,-665,2,4472.65,1,2,1,121,At Risk
30878,01/02/2028,-788,3,4471.07,1,1,1,111,At Risk
33382,01/02/2026,-58,3,4470.93,3,1,1,311,Regular
99588,01/01/2023,1069,2,4470.86,5,1,1,511,Regular
66063,01/09/2025,95,3,4460.86,4,1,1,411,Regular
57553,01/08/2025,126,4,4459.42,4,1,1,411,Regular
17190,01/09/2028,-1001,3,4458.97,1,1,1,111,At Risk
91298,01/03/2027,-451,3,4458.21,2,1,1,211,At Risk
73565,01/12/2026,-361,3,4456.86,2,1,1,211,At Risk
73197,01/06/2024,552,3,4456.26,4,1,1,411,Regular
16641,01/11/2027,-696,2,4455.47,1,2,1,121,At Risk
64045,01/01/2027,-392,3,4451.89,2,1,1,211,At Risk
52344,01/03/2027,-451,4,4451.38,2,1,1,211,At Risk
81695,01/06/2024,552,2,4450.11,4,2,1,421,Regular
41099,01/10/2027,-665,3,4444.71,1,1,1,111,At Risk
35187,01/12/2026,-361,2,4443.78,2,1,1,211,At Risk
77728,01/02/2023,1038,2,4443.3,5,1,1,511,Regular
50950,01/04/2025,248,2,4440.93,4,1,1,411,Regular
45377,01/01/2026,-27,2,4438.59,3,2,1,321,Regular
47909,01/12/2026,-361,3,4438.15,2,1,1,211,At Risk
13841,01/07/2025,157,2,4437.97,4,1,1,411,Regular
10969,01/08/2027,-604,2,4437.89,2,2,1,221,At Risk
52460,01/06/2024,552,3,4437.39,4,1,1,411,Regular
84532,01/02/2023,1038,2,4437.3,5,1,1,511,Regular
28409,01/10/2025,65,3,4435.11,3,1,1,311,Regular
39189,01/01/2023,1069,2,4433.6,5,1,1,511,Regular
72320,01/09/2023,826,2,4433.45,5,2,1,521,Regular
69500,01/07/2028,-939,3,4431.71,1,1,1,111,At Risk
15618,01/01/2027,-392,3,4426.76,2,1,1,211,At Risk
90373,01/11/2027,-696,3,4425.85,1,1,1,111,At Risk
36049,01/06/2025,187,2,4423.99,4,1,1,411,Regular
20208,01/12/2027,-726,2,4422.49,1,2,1,121,At Risk
57941,01/05/2027,-512,3,4422.33,2,1,1,211,At Risk
50963,01/09/2026,-270,2,4420.45,3,1,1,311,Regular
10235,01/04/2028,-848,3,4419.81,1,1,1,111,At Risk
97945,01/02/2027,-423,3,4415.79,2,1,1,211,At Risk
91839,01/08/2027,-604,2,4415.35,2,2,1,221,At Risk
19637,01/06/2028,-909,2,4414.11,1,1,1,111,At Risk
97235,01/04/2024,613,3,4412.39,5,1,1,511,Regular
96916,01/11/2024,399,2,4411.62,4,1,1,411,Regular
43591,01/01/2023,1069,2,4410.78,5,1,1,511,Regular
31185,01/02/2028,-788,3,4410.38,1,1,1,111,At Risk
52369,01/07/2026,-208,2,4408.8,3,1,1,311,Regular
14076,01/12/2025,4,2,4400.22,3,2,1,321,Regular
61036,01/02/2028,-788,2,4399.77,1,2,1,121,At Risk
92970,01/06/2024,552,3,4398.89,4,1,1,411,Regular
89118,01/06/2028,-909,3,4398.53,1,1,1,111,At Risk
10329,01/05/2028,-878,3,4393.99,1,1,1,111,At Risk
59179,01/03/2028,-817,3,4390.24,1,1,1,111,At Risk
41989,01/04/2028,-848,3,4387.51,1,1,1,111,At Risk
47710,01/07/2026,-208,2,4387.02,3,1,1,311,Regular
16630,01/11/2026,-331,3,4384.76,2,1,1,211,At Risk
28839,01/07/2027,-573,3,4384.71,2,1,1,211,At Risk
93488,01/05/2025,218,3,4382.31,4,1,1,411,Regular
38994,01/06/2026,-178,2,4380.55,3,1,1,311,Regular
18792,01/01/2023,1069,2,4379.22,5,1,1,511,Regular
31310,01/07/2026,-208,3,4376.61,3,1,1,311,Regular
35184,01/01/2023,1069,2,4376.1,5,1,1,511,Regular
93133,01/01/2028,-757,3,4374.9,1,1,1,111,At Risk
77957,01/03/2026,-86,4,4373.01,3,1,1,311,Regular
55741,01/05/2028,-878,3,4372.7,1,1,1,111,At Risk
97054,01/04/2027,-482,4,4372.43,2,1,1,211,At Risk
82884,01/12/2027,-726,2,4371.53,1,2,1,121,At Risk
21556,01/10/2027,-665,2,4371.07,2,2,1,221,At Risk
47879,01/10/2027,-665,3,4370.78,1,1,1,111,At Risk
13747,01/03/2027,-451,3,4369.87,2,1,1,211,At Risk
11607,01/02/2025,307,3,4368.12,4,1,1,411,Regular
38887,01/03/2025,279,2,4366.65,4,1,1,411,Regular
26169,01/05/2028,-878,2,4365.33,1,1,1,111,At Risk
57800,01/08/2024,491,2,4364.62,4,1,1,411,Regular
46735,01/11/2025,34,3,4364.29,3,1,1,311,Regular
33581,01/07/2027,-573,2,4364.08,2,1,1,211,At Risk
78447,01/07/2025,157,3,4363.45,4,1,1,411,Regular
83744,01/03/2026,-86,3,4362.22,3,1,1,311,Regular
17045,01/11/2025,34,3,4362.19,3,1,1,311,Regular
86716,01/06/2027,-543,2,4361,2,1,1,211,At Risk
52078,01/03/2025,279,3,4360.65,4,1,1,411,Regular
84279,01/11/2025,34,2,4360.04,3,2,1,321,Regular
94629,01/03/2028,-817,2,4358.93,1,1,1,111,At Risk
11062,01/02/2023,1038,4,4355.8,5,1,1,511,Regular
48258,01/05/2027,-512,4,4354.54,2,1,1,211,At Risk
34538,01/10/2027,-665,3,4352.24,2,1,1,211,At Risk
77067,01/01/2024,704,3,4350.43,5,1,1,511,Regular
92848,01/01/2023,1069,2,4349.9,5,1,1,511,Regular
19449,01/01/2028,-757,3,4349.27,1,1,1,111,At Risk
87934,01/03/2028,-817,3,4349.14,1,1,1,111,At Risk
26428,01/02/2028,-788,2,4348.97,1,2,1,121,At Risk
14174,01/12/2027,-726,3,4347.55,1,1,1,111,At Risk
28693,01/05/2027,-512,3,4347.06,2,1,1,211,At Risk
58302,01/04/2026,-117,4,4346.39,3,1,1,311,Regular
58671,01/01/2026,-27,3,4346.06,3,1,1,311,Regular
40697,01/12/2026,-361,3,4346,2,1,1,211,At Risk
35658,01/05/2026,-147,3,4345.38,3,1,1,311,Regular
13811,01/11/2026,-331,2,4344.34,2,1,1,211,At Risk
30872,01/10/2025,65,2,4343.99,3,2,1,321,Regular
93574,01/03/2028,-817,3,4343.01,1,1,1,111,At Risk
16796,01/09/2028,-1001,3,4342.58,1,1,1,111,At Risk
62137,01/06/2028,-909,3,4342.32,1,1,1,111,At Risk
74427,01/05/2026,-147,2,4338.2,3,2,1,321,Regular
56540,01/01/2024,704,3,4337.67,5,1,1,511,Regular
23850,01/06/2027,-543,2,4336.36,2,1,1,211,At Risk
20916,01/05/2028,-878,4,4334.7,1,1,1,111,At Risk
11316,01/04/2026,-117,3,4334.57,3,1,1,311,Regular
92331,01/07/2026,-208,3,4334.04,3,1,1,311,Regular
86382,01/04/2027,-482,3,4333.68,2,1,1,211,At Risk
63934,01/09/2027,-635,2,4333.62,2,2,1,221,At Risk
71049,01/02/2028,-788,3,4333.24,1,1,1,111,At Risk
51472,01/09/2027,-635,3,4332.5,2,1,1,211,At Risk
70713,01/01/2023,1069,2,4331.86,5,1,1,511,Regular
61645,01/05/2026,-147,2,4331.77,3,2,1,321,Regular
83366,01/07/2026,-208,3,4331.34,3,1,1,311,Regular
38379,01/07/2027,-573,2,4327.57,2,1,1,211,At Risk
66058,01/04/2026,-117,2,4327.27,3,2,1,321,Regular
39545,01/01/2026,-27,3,4324.82,3,1,1,311,Regular
43617,01/10/2025,65,3,4322.77,3,1,1,311,Regular
79626,01/07/2026,-208,3,4322.13,3,1,1,311,Regular
85060,01/05/2024,583,3,4321.48,5,1,1,511,Regular
36745,01/07/2028,-939,4,4320.11,1,1,1,111,At Risk
14509,01/03/2027,-451,2,4320.04,2,1,1,211,At Risk
16949,01/02/2023,1038,2,4318.84,5,1,1,511,Regular
78524,01/07/2028,-939,3,4318.77,1,1,1,111,At Risk
38400,01/05/2026,-147,3,4317.69,3,1,1,311,Regular
21408,01/07/2027,-573,2,4317.18,2,1,1,211,At Risk
53162,01/02/2027,-423,3,4316.47,2,1,1,211,At Risk
38615,01/08/2025,126,2,4315.21,4,1,1,411,Regular
12994,01/06/2024,552,3,4312.38,4,1,1,411,Regular
67545,01/02/2023,1038,2,4312.14,5,1,1,511,Regular
60094,01/07/2027,-573,4,4311.43,2,1,1,211,At Risk
90863,01/06/2028,-909,3,4310.76,1,1,1,111,At Risk
14507,01/01/2026,-27,3,4310.33,3,1,1,311,Regular
15166,01/12/2027,-726,3,4309.36,1,1,1,111,At Risk
52913,01/12/2027,-726,2,4309.05,1,2,1,121,At Risk
77359,01/06/2028,-909,3,4308.51,1,1,1,111,At Risk
26746,01/06/2026,-178,2,4308.05,3,1,1,311,Regular
14014,01/02/2028,-788,4,4307.07,1,1,1,111,At Risk
25389,01/01/2025,338,3,4306.68,4,1,1,411,Regular
96190,01/01/2027,-392,3,4306.49,2,1,1,211,At Risk
49140,01/01/2027,-392,2,4303.4,2,1,1,211,At Risk
99049,01/11/2025,34,3,4302.86,3,1,1,311,Regular
72559,01/04/2026,-117,3,4301.16,3,1,1,311,Regular
28898,01/04/2028,-848,2,4299.64,1,1,1,111,At Risk
57333,01/01/2023,1069,2,4299,5,1,1,511,Regular
11067,01/07/2026,-208,4,4297.82,3,1,1,311,Regular
44207,01/04/2027,-482,2,4296.57,2,1,1,211,At Risk
24538,01/01/2028,-757,3,4295.46,1,1,1,111,At Risk
50785,01/03/2028,-817,3,4294.3,1,1,1,111,At Risk
17227,01/12/2026,-361,2,4294.29,2,1,1,211,At Risk
79810,01/03/2028,-817,4,4292.84,1,1,1,111,At Risk
98789,01/11/2024,399,3,4289.39,4,1,1,411,Regular
72473,01/03/2028,-817,3,4288.03,1,1,1,111,At Risk
38699,01/02/2023,1038,2,4287.42,5,1,1,511,Regular
39404,01/09/2025,95,2,4285.28,3,2,1,321,Regular
65766,01/01/2023,1069,2,4284.76,5,1,1,511,Regular
13956,01/11/2024,399,2,4284.61,4,1,1,411,Regular
56733,01/05/2028,-878,4,4284.3,1,1,1,111,At Risk
53677,01/09/2027,-635,2,4283.81,2,2,1,221,At Risk
76455,01/07/2027,-573,2,4282.48,2,1,1,211,At Risk
64028,01/07/2023,888,2,4282.36,5,2,1,521,Regular
50149,01/07/2027,-573,3,4281.8,2,1,1,211,At Risk
65176,01/02/2023,1038,2,4280.64,5,1,1,511,Regular
92565,01/08/2028,-970,3,4277.37,1,1,1,111,At Risk
98421,01/03/2026,-86,2,4277.2,3,2,1,321,Regular
55101,01/07/2026,-208,3,4275.6,3,1,1,311,Regular
17697,01/03/2026,-86,2,4274.31,3,2,1,321,Regular
53642,01/01/2027,-392,2,4273.72,2,1,1,211,At Risk
92948,01/11/2027,-696,4,4273.46,1,1,1,111,At Risk
45319,01/02/2026,-58,3,4272.29,3,1,1,311,Regular
43691,01/07/2027,-573,3,4272.03,2,1,1,211,At Risk
15713,01/11/2026,-331,3,4271.25,2,1,1,211,At Risk
35757,01/05/2025,218,2,4269.89,4,1,1,411,Regular
55056,01/04/2027,-482,2,4269.39,2,1,1,211,At Risk
89837,01/01/2027,-392,3,4269.23,2,1,1,211,At Risk
38629,01/09/2026,-270,2,4266.92,3,1,1,311,Regular
20086,01/07/2028,-939,3,4266.33,1,1,1,111,At Risk
46135,01/04/2027,-482,3,4264.68,2,1,1,211,At Risk
51247,01/12/2024,369,2,4263.64,4,1,1,411,Regular
87700,01/12/2026,-361,3,4263.53,2,1,1,211,At Risk
28328,01/09/2026,-270,2,4262.2,3,1,1,311,Regular
63932,01/02/2023,1038,2,4261.82,5,1,1,511,Regular
99022,01/07/2028,-939,3,4260.3,1,1,1,111,At Risk
74484,01/02/2023,1038,2,4260.26,5,1,1,511,Regular
56664,01/05/2027,-512,2,4259.16,2,1,1,211,At Risk
16449,01/05/2026,-147,3,4259,3,1,1,311,Regular
88872,01/09/2026,-270,4,4257.84,3,1,1,311,Regular
18415,01/01/2023,1069,2,4257.46,5,1,1,511,Regular
53147,01/06/2027,-543,3,4253.22,2,1,1,211,At Risk
55017,01/11/2026,-331,3,4252.4,2,1,1,211,At Risk
59028,01/02/2027,-423,3,4252.2,2,1,1,211,At Risk
90910,01/02/2023,1038,2,4250.7,5,1,1,511,Regular
16480,01/08/2028,-970,2,4250.29,1,1,1,111,At Risk
15690,01/05/2027,-512,2,4249.66,2,1,1,211,At Risk
67134,01/01/2024,704,3,4246.35,5,1,1,511,Regular
53016,01/09/2027,-635,4,4245.75,2,1,1,211,At Risk
24743,01/05/2026,-147,2,4245.53,3,2,1,321,Regular
97858,01/06/2025,187,4,4245.26,4,1,1,411,Regular
91061,01/08/2025,126,2,4243.67,4,1,1,411,Regular
87166,01/01/2028,-757,2,4240.66,1,2,1,121,At Risk
40429,01/04/2028,-848,2,4239.03,1,1,1,111,At Risk
95999,01/01/2023,1069,2,4238.78,5,1,1,511,Regular
37467,01/04/2026,-117,2,4238.26,3,2,1,321,Regular
14025,01/07/2026,-208,2,4237.21,3,1,1,311,Regular
88591,01/11/2026,-331,2,4233.97,2,1,1,211,At Risk
73140,01/09/2027,-635,2,4233.33,2,2,1,221,At Risk
40373,01/02/2026,-58,4,4233.29,3,1,1,311,Regular
58901,01/09/2027,-635,2,4232.9,2,2,1,221,At Risk
30243,01/01/2026,-27,2,4232.51,3,2,1,321,Regular
43292,01/09/2026,-270,2,4230.58,3,1,1,311,Regular
23686,01/03/2028,-817,3,4230.42,1,1,1,111,At Risk
79015,01/06/2027,-543,2,4229.13,2,1,1,211,At Risk
82723,01/12/2026,-361,3,4228.64,2,1,1,211,At Risk
44816,01/03/2026,-86,3,4228.53,3,1,1,311,Regular
36806,01/07/2027,-573,2,4227.03,2,1,1,211,At Risk
83916,01/09/2027,-635,3,4227.01,2,1,1,211,At Risk
93990,01/02/2026,-58,2,4225.37,3,2,1,321,Regular
87575,01/01/2023,1069,2,4223.7,5,1,1,511,Regular
55066,01/04/2028,-848,2,4222.68,1,1,1,111,At Risk
66399,01/08/2027,-604,2,4220.74,2,2,1,221,At Risk
59666,01/05/2028,-878,2,4220.47,1,1,1,111,At Risk
62979,01/08/2027,-604,2,4220.41,2,2,1,221,At Risk
44433,01/08/2028,-970,3,4219.89,1,1,1,111,At Risk
92750,01/07/2027,-573,3,4217.31,2,1,1,211,At Risk
54135,01/12/2027,-726,4,4216.93,1,1,1,111,At Risk
63751,01/02/2027,-423,2,4215.1,2,1,1,211,At Risk
96130,01/09/2027,-635,3,4214.23,2,1,1,211,At Risk
28777,01/02/2023,1038,2,4212.36,5,1,1,511,Regular
38295,01/01/2023,1069,2,4211.24,5,1,1,511,Regular
37281,01/01/2027,-392,3,4210.66,2,1,1,211,At Risk
25739,01/08/2026,-239,3,4210.4,3,1,1,311,Regular
14934,01/04/2028,-848,2,4210.37,1,1,1,111,At Risk
83150,01/12/2027,-726,3,4210.18,1,1,1,111,At Risk
17837,01/07/2027,-573,3,4202,2,1,1,211,At Risk
18007,01/03/2024,644,3,4201.51,5,1,1,511,Regular
23986,01/02/2028,-788,4,4200.83,1,1,1,111,At Risk
71516,01/06/2027,-543,3,4200.76,2,1,1,211,At Risk
18787,01/05/2025,218,2,4200.68,4,1,1,411,Regular
42130,01/10/2027,-665,2,4200.68,2,2,1,221,At Risk
74579,01/07/2027,-573,2,4200.65,2,1,1,211,At Risk
36111,01/05/2028,-878,2,4199.31,1,1,1,111,At Risk
52095,01/08/2027,-604,2,4198.98,2,2,1,221,At Risk
85069,01/09/2026,-270,2,4198.79,3,1,1,311,Regular
77949,01/04/2028,-848,2,4198.13,1,1,1,111,At Risk
83299,01/03/2027,-451,2,4194.22,2,1,1,211,At Risk
39018,01/07/2027,-573,3,4193.71,2,1,1,211,At Risk
52202,01/03/2028,-817,3,4193.37,1,1,1,111,At Risk
61105,01/03/2028,-817,3,4193.29,1,1,1,111,At Risk
54238,01/02/2023,1038,2,4191.84,5,1,1,511,Regular
52773,01/05/2028,-878,3,4191.67,1,1,1,111,At Risk
89239,01/10/2024,430,4,4191.48,4,1,1,411,Regular
65296,01/07/2027,-573,3,4191.16,2,1,1,211,At Risk
88950,01/10/2027,-665,3,4190.97,1,1,1,111,At Risk
99893,01/11/2026,-331,2,4190.51,2,1,1,211,At Risk
11605,01/09/2023,826,3,4189.96,5,1,1,511,Regular
99393,01/08/2027,-604,2,4189.32,2,1,1,211,At Risk
81196,01/01/2024,704,2,4188.23,5,2,1,521,Regular
24489,01/02/2023,1038,2,4188.08,5,1,1,511,Regular
96980,01/06/2028,-909,2,4187.25,1,1,1,111,At Risk
21390,01/02/2027,-423,3,4186.36,2,1,1,211,At Risk
62158,01/08/2027,-604,3,4186.17,2,1,1,211,At Risk
47219,01/01/2028,-757,3,4185.87,1,1,1,111,At Risk
62892,01/11/2027,-696,2,4185.73,1,2,1,121,At Risk
17202,01/05/2028,-878,2,4185.27,1,1,1,111,At Risk
65619,01/08/2025,126,3,4185.18,4,1,1,411,Regular
43241,01/09/2026,-270,2,4185.15,3,1,1,311,Regular
78148,01/05/2027,-512,3,4184.87,2,1,1,211,At Risk
76809,01/11/2027,-696,3,4183.07,1,1,1,111,At Risk
12093,01/09/2024,460,3,4180.92,4,1,1,411,Regular
91046,01/04/2028,-848,2,4180.03,1,1,1,111,At Risk
52849,01/02/2027,-423,2,4178.67,2,1,1,211,At Risk
76320,01/05/2024,583,3,4177.51,5,1,1,511,Regular
24546,01/11/2026,-331,3,4177.29,2,1,1,211,At Risk
43623,01/01/2026,-27,2,4175.68,3,2,1,321,Regular
43289,01/05/2028,-878,2,4175.64,1,1,1,111,At Risk
54811,01/01/2023,1069,2,4174.9,5,1,1,511,Regular
94585,01/07/2026,-208,3,4172.38,3,1,1,311,Regular
99080,01/09/2027,-635,3,4171.97,2,1,1,211,At Risk
66997,01/10/2026,-300,3,4171.75,2,1,1,211,At Risk
38080,01/02/2028,-788,2,4171.7,1,2,1,121,At Risk
18177,01/04/2025,248,3,4171.35,4,1,1,411,Regular
83568,01/04/2026,-117,2,4169.45,3,2,1,321,Regular
67784,01/12/2024,369,2,4169.38,4,1,1,411,Regular
29508,01/03/2023,1010,3,4168.69,5,1,1,511,Regular
32588,01/04/2024,613,2,4168.5,5,2,1,521,Regular
12039,01/01/2028,-757,3,4167.61,1,1,1,111,At Risk
55002,01/07/2026,-208,3,4167.57,3,1,1,311,Regular
20461,01/03/2028,-817,3,4167.39,1,1,1,111,At Risk
41334,01/08/2027,-604,2,4166.1,2,2,1,221,At Risk
34290,01/06/2028,-909,3,4164.68,1,1,1,111,At Risk
29623,01/05/2025,218,3,4164.22,4,1,1,411,Regular
63664,01/03/2024,644,2,4162.65,5,2,1,521,Regular
67479,01/02/2027,-423,2,4161.32,2,1,1,211,At Risk
68596,01/12/2024,369,4,4160.4,4,1,1,411,Regular
36854,01/01/2023,1069,2,4160.1,5,1,1,511,Regular
60639,01/06/2024,552,2,4159.43,4,2,1,421,Regular
27144,01/07/2027,-573,4,4158.98,2,1,1,211,At Risk
91622,01/03/2028,-817,2,4158.64,1,1,1,111,At Risk
29589,01/04/2026,-117,2,4157.79,3,2,1,321,Regular
40448,01/07/2025,157,2,4157.59,4,1,1,411,Regular
90379,01/03/2028,-817,3,4155.21,1,1,1,111,At Risk
97943,01/06/2026,-178,3,4154.72,3,1,1,311,Regular
67230,01/02/2028,-788,3,4153.5,1,1,1,111,At Risk
45069,01/02/2028,-788,2,4152.28,1,1,1,111,At Risk
96643,01/04/2025,248,2,4152.09,4,1,1,411,Regular
38702,01/10/2024,430,2,4151.07,4,1,1,411,Regular
73753,01/12/2027,-726,3,4150.97,1,1,1,111,At Risk
56622,01/07/2027,-573,3,4149.99,2,1,1,211,At Risk
23440,01/08/2027,-604,4,4149.57,2,1,1,211,At Risk
79245,01/06/2026,-178,2,4148.93,3,1,1,311,Regular
44902,01/05/2026,-147,2,4148.16,3,1,1,311,Regular
81310,01/05/2025,218,2,4147.81,4,1,1,411,Regular
95469,01/06/2025,187,3,4147.76,4,1,1,411,Regular
49790,01/06/2026,-178,3,4147.36,3,1,1,311,Regular
75772,01/06/2028,-909,2,4147.29,1,1,1,111,At Risk
45183,01/08/2025,126,2,4146.81,4,1,1,411,Regular
15408,01/02/2023,1038,2,4146.5,5,1,1,511,Regular
25993,01/01/2026,-27,2,4146.4,3,2,1,321,Regular
37182,01/06/2026,-178,2,4145.69,3,1,1,311,Regular
35425,01/04/2027,-482,3,4144.27,2,1,1,211,At Risk
67255,01/04/2025,248,2,4143.95,4,1,1,411,Regular
65020,01/06/2028,-909,3,4143.84,1,1,1,111,At Risk
83905,01/03/2027,-451,3,4143.57,2,1,1,211,At Risk
39152,01/01/2027,-392,2,4142.97,2,1,1,211,At Risk
85697,01/11/2024,399,3,4142.07,4,1,1,411,Regular
88477,01/02/2023,1038,2,4140.12,5,1,1,511,Regular
77696,01/01/2026,-27,2,4139.99,3,2,1,321,Regular
25896,01/10/2023,796,2,4135.63,5,2,1,521,Regular
94568,01/07/2028,-939,2,4134.91,1,1,1,111,At Risk
96740,01/02/2023,1038,2,4132.56,5,1,1,511,Regular
28695,01/03/2027,-451,2,4132.31,2,1,1,211,At Risk
13756,01/12/2025,4,3,4130.73,3,1,1,311,Regular
53937,01/07/2027,-573,3,4130.02,2,1,1,211,At Risk
53827,01/04/2028,-848,3,4128.94,1,1,1,111,At Risk
88731,01/03/2026,-86,2,4126.91,3,2,1,321,Regular
92593,01/08/2028,-970,2,4125.47,1,1,1,111,At Risk
83508,01/04/2024,613,2,4125.09,5,2,1,521,Regular
95203,01/03/2028,-817,3,4124.68,1,1,1,111,At Risk
66398,01/06/2027,-543,3,4123.95,2,1,1,211,At Risk
94239,01/08/2028,-970,3,4123.87,1,1,1,111,At Risk
52240,01/09/2025,95,3,4123.34,4,1,1,411,Regular
33267,01/05/2026,-147,3,4122.03,3,1,1,311,Regular
16704,01/06/2026,-178,3,4121.94,3,1,1,311,Regular
60450,01/09/2028,-1001,2,4120.86,1,1,1,111,At Risk
37007,01/09/2028,-1001,2,4117.64,1,1,1,111,At Risk
57683,01/05/2028,-878,2,4115.31,1,1,1,111,At Risk
57259,01/04/2026,-117,3,4112.23,3,1,1,311,Regular
92946,01/09/2028,-1001,2,4112.18,1,1,1,111,At Risk
39063,01/08/2025,126,3,4111.37,4,1,1,411,Regular
46963,01/03/2026,-86,2,4111.24,3,2,1,321,Regular
24219,01/03/2027,-451,3,4110.6,2,1,1,211,At Risk
25317,01/04/2028,-848,3,4110.54,1,1,1,111,At Risk
53316,01/10/2027,-665,3,4108.83,1,1,1,111,At Risk
26673,01/11/2024,399,2,4108.77,4,1,1,411,Regular
44984,01/03/2028,-817,2,4107.23,1,1,1,111,At Risk
70064,01/10/2025,65,2,4106.34,3,2,1,321,Regular
78783,01/12/2027,-726,3,4106,1,1,1,111,At Risk
36783,01/10/2027,-665,3,4105.81,1,1,1,111,At Risk
56465,01/11/2026,-331,2,4105.49,2,1,1,211,At Risk
32388,01/09/2028,-1001,2,4104.38,1,1,1,111,At Risk
45187,01/03/2026,-86,2,4104.07,3,2,1,321,Regular
33089,01/10/2025,65,2,4102.08,3,2,1,321,Regular
48494,01/01/2023,1069,2,4101.58,5,1,1,511,Regular
87754,01/02/2028,-788,2,4101.48,1,2,1,121,At Risk
50428,01/08/2027,-604,3,4101.09,2,1,1,211,At Risk
80077,01/07/2027,-573,2,4101.08,2,1,1,211,At Risk
50727,01/05/2028,-878,2,4100.42,1,1,1,111,At Risk
53148,01/09/2024,460,3,4100.4,4,1,1,411,Regular
55820,01/07/2026,-208,2,4100.09,3,1,1,311,Regular
21036,01/09/2027,-635,3,4099.88,2,1,1,211,At Risk
