Month,Min_Open,Max_Open,Min_Close,Max_Close,Min_High,Max_High,Min_Low,Max_Low,Min_Volume,Max_Volume
Apr-1986,0.094618,0.118055999,0.094618,0.118055999,0.095486,0.121962003,0.092882,0.116319001,9302400,85795200
Apr-1987,0.321180999,0.368923992,0.315972,0.368923992,0.331597,0.378472,0.314235985,0.358507007,43372800,259430400
Apr-1988,0.369792014,0.40625,0.368055999,0.403645992,0.381944001,0.407985985,0.366319001,0.397569001,23385600,114220800
Apr-1989,0.331597,0.388889015,0.334201008,0.388889015,0.348957986,0.392360985,0.329860985,0.381944001,19641600,168969600
Apr-1990,0.762153029,0.855903029,0.774305999,0.861110985,0.780381978,0.875,0.758680999,0.835069001,31176000,97797600
Apr-1991,1.357638955,1.583333015,1.357638955,1.579861045,1.378471971,1.631943941,1.333333015,1.565971971,46526400,176731200
Apr-1992,2.28125,2.6875,2.270833015,2.684895992,2.322916985,2.692708015,2.229166985,2.645833015,40123200,226118400
Apr-1993,2.515625,2.890625,2.511718988,2.90625,2.578125,2.960937977,2.492187977,2.890625,38592000,109152000
Apr-1994,2.578125,2.976562977,2.59375,2.966797113,2.664062977,2.976562977,2.5625,2.9375,35241600,291273600
Apr-1995,4.34375,4.984375,4.351562977,5.109375,4.414062977,5.132812977,4.296875,4.945312977,32814400,187913600
Apr-1996,6.3125,7.085937977,6.320312977,7.09375,6.351562977,7.117187977,6.226562977,7.023437977,28441600,169492800
Apr-1997,11.265625,14.828125,11.5,15.1875,11.703125,15.328125,11.21875,14.796875,42710400,231764000
Apr-1998,21.6875,24.3125,21.8125,24.71875,22.25,24.78125,21.65625,23.90625,28476800,80154000
Apr-1999,41.0625,47.59375,40.5,47.46875,41.25,47.8125,39.9375,46.75,31816800,108459400
Apr-2000,33.625,47.21875,33.3125,45.4375,34,48.25,32.5,45,52387400,313645800
Apr-2001,26.6875,35.15000153,25.96875,34.84500122,27.5,35.54999924,25.53125,34.25,56295600,192919600
Apr-2002,25.73500061,29.91500092,25.75,30.19000053,26.45499992,30.20000076,25.71999931,29.60000038,47010000,104268600
Apr-2003,24.27000046,26.22999954,24.20000076,25.79999924,24.70000076,26.43000031,23.95000076,25.68000031,41557800,86178700
Apr-2004,24.95000076,27.45000076,25.07999992,27.54000092,25.11000061,27.71999931,24.85000038,27.34000015,38786800,258269000
Apr-2005,24.11000061,25.22999954,24.12000084,25.31999969,24.26000023,25.45000076,23.94000053,24.98999977,47732800,100251600
Apr-2006,24.22999954,27.87999916,24.14999962,27.73999977,24.5,27.94000053,24,27.63999939,28160000,591052200
Apr-2007,27.86000061,30.17000008,27.73999977,30.12000084,27.93000031,30.73999977,27.55999947,30,30131200,128298800
Apr-2008,28.12000084,31.62999916,28.05999947,31.79999924,28.30999947,32.09999847,27.93000031,31.15999985,34310000,145194900
Apr-2009,18.22999954,20.60000038,18.61000061,20.90999985,18.76000023,21.20000076,18.18000031,20.28000069,44444700,168478500
Apr-2010,29.12999916,31.32999992,29.15999985,31.38999939,29.43000031,31.57999992,28.62000084,31.22999954,34331200,126766600
Apr-2011,25,26.54999924,25.07999992,26.70999908,25.17000008,26.87000084,24.71999931,26.39999962,33525100,319317900
Apr-2012,30.43000031,32.31000137,30.35000038,32.41999817,30.53000069,32.88999939,30.22999954,32.04999924,31056400,106045000
Apr-2013,28.21999931,32.56000137,28.55999947,33.09999847,28.61000061,33.11000061,28.11000061,32.27999878,28456500,137904000
Apr-2014,39,41.43999863,39.18000031,41.41999817,39.40999985,41.65999985,38.90000153,41.16999817,22221200,56876800
Apr-2015,40.34000015,48.72000122,40.29000092,49.15999985,40.74000168,49.54000092,40.11999893,48.59999847,22509700,130933700
Apr-2016,49.34999847,56.63000107,49.86999893,56.45999908,50.25,56.77000046,49.34999847,55.68000031,18928800,126834100
Apr-2017,65.04000092,68.91000366,64.94999695,68.45999908,65.48999786,69.13999939,64.84999847,67.69000244,12997400,39548800
Apr-2018,87.84999847,97.59999847,88.51999664,96.44000244,90.05000305,97.90000153,87.51000214,95.51999664,20288100,48515400
Apr-2019,118.6299973,130.0599976,119.0199966,130.6000061,119.1100006,131.3699951,118.0999985,129.3899994,14071800,38033900
Apr-2020,151.8600006,180,152.1100006,179.2100067,155.4799957,180.3999939,150.3600006,176.2299957,32790800,67111700
Apr-2021,238.4700012,261.6600037,242.3500061,261.9700012,242.8399963,263.1900024,238.0500031,260.1700134,19722900,46903100
Apr-2022,273.2900085,313.269989,270.2200012,314.9700012,278.3599854,315.1099854,270,309.8699951,20778000,63477700
Apr-2023,279.5100098,304.0100098,275.4200134,307.2600098,281.6000061,308.9299927,275.3699951,303.3099976,17150300,64599200
Apr-2024,394.0299988,426.6000061,389.3299866,427.9299927,399.8900146,429.3699951,388.0299988,423.2999878,12512300,40586500
Aug-1986,0.095486,0.106337003,0.095486,0.106337003,0.097222,0.106771,0.094618,0.105035,2419200,49536000
Aug-1987,0.318576008,0.415798992,0.318576008,0.417535007,0.325520992,0.421007007,0.316839993,0.405382007,33667200,211190400
Aug-1988,0.335069001,0.414930999,0.333332986,0.40625,0.345485985,0.416667014,0.331597,0.40625,20966400,201600000
Aug-1989,0.375,0.415798992,0.376735985,0.411457986,0.380207986,0.420139015,0.375,0.407985985,14198400,178128000
Aug-1990,0.725694001,0.920139015,0.71875,0.927083015,0.746528029,0.934028029,0.704860985,0.892360985,33710400,165650400
Aug-1991,1.505208015,1.791666985,1.505208015,1.786458015,1.526041985,1.807291985,1.494791985,1.770833015,22032000,114806400
Aug-1992,2.148437977,2.320312977,2.15625,2.328125,2.1875,2.34375,2.125,2.296875,3705600,88028800
Aug-1993,2.226562977,2.4375,2.21875,2.429687977,2.265625,2.476562977,2.199218988,2.390625,39417600,192028800
Aug-1994,3.226562977,3.648437977,3.28125,3.648437977,3.304687977,3.703125,3.21875,3.609375,31204800,95249600
Aug-1995,5.5,6.25,5.5625,6.207030773,5.680664063,6.296875,5.4375,6.165039063,38118400,166144000
Aug-1996,7.367187977,7.828125,7.539062977,7.851562977,7.554687977,7.882812977,7.335937977,7.804687977,25678400,109289600
Aug-1997,16.5078125,18.0390625,16.5078125,17.9921875,16.71875,18.078125,16.375,17.78125,34327200,91013600
Aug-1998,25.71875,28.0625,23.984375,28.203125,26.09375,28.4375,23.9375,27.78125,26319200,132690400
Aug-1999,41.46875,47.6875,40.875,47.65625,42.03125,48.1875,40.8125,46.84375,33300800,120450000
Aug-2000,34.09375,36.90625,34.34375,37.125,34.9375,37.4375,34.0625,36.5625,34119600,138038800
Aug-2001,28.42499924,33.65000153,28.46999931,33.72499847,29.03000069,33.77000046,28.14999962,33.13000107,27831600,97632000
Aug-2002,22.14500046,26.42499924,21.99500084,26.61499977,22.58499908,26.72500038,21.89999962,26.29999924,55652400,100122800
Aug-2003,25.54000092,26.78000069,25.54000092,26.62000084,25.65999985,26.95000076,25.43000031,26.35000038,27607900,72952900
Aug-2004,26.93000031,28.37999916,26.87999916,28.52000046,27.20000076,28.54999924,26.85000038,28.15999985,33248700,75628000
Aug-2005,25.80999947,27.79999924,25.92000008,27.76000023,26.04999924,27.94000053,25.76000023,27.25,36043500,139422400
Aug-2006,24.02000046,26.01000023,23.98999977,26.12000084,24.20000076,26.25,23.85000038,25.69000053,26380500,128414800
Aug-2007,27.87999916,29.71999931,27.80999947,30,28.25,30.10000038,27.51000023,29.20999908,32789500,81447400
Aug-2008,25.38999939,28.06999969,25.28000069,28.12999916,25.54999924,28.5,25.06999969,27.76000023,33975300,95550000
Aug-2009,23.12999916,25.06999969,23.12999916,24.69000053,23.39999962,25.48999977,23.03000069,24.61000061,33615800,69011400
Aug-2010,23.60000038,26.20000076,23.46999931,26.32999992,23.72999954,26.37999916,23.31999969,25.96999931,40909700,87257700
Aug-2011,24.03000069,27.51000023,23.97999954,27.27000046,24.48999977,27.69000053,23.79000092,26.76000023,38863200,134257200
Aug-2012,29.20999908,30.93000031,29.19000053,30.89999962,29.53000069,30.95999908,28.96999931,30.61000061,22943300,39520500
Aug-2013,31.44000053,35.16999817,31.38999939,34.75,31.67000008,35.20000076,30.84000015,34.02999878,22979600,225493800
Aug-2014,42.74000168,45.40000153,42.74000168,45.43000031,43.16999817,45.47000122,42.20999908,45.06999969,14873100,41611300
Aug-2015,40.45000076,47.97999954,40.47000122,47.58000183,42.68999863,48.40999985,39.72000122,47.54000092,19163000,88753700
Aug-2016,56.59999847,58.27999878,56.58000183,58.29999924,56.75,58.70000076,56.13999939,58.09999847,14214300,35122000
Aug-2017,71.61000061,74.02999878,71.41000366,74.76999664,72.19000244,74.95999908,71.27999878,73.80000305,11478400,27652800
Aug-2018,105.4000015,111.6900024,105.9800034,112.3300018,106.4499969,112.7799988,104.8399963,111.5199966,13677200,29982800
Aug-2019,133.3000031,139.1499939,132.2100067,138.8899994,133.9299927,140.9400024,130.7799988,138,14970300,42749600
Aug-2020,205.2899933,228.1799927,203.3800049,228.9100037,207.6499939,231.1499939,203.1399994,226.5800018,17958900,78983000
Aug-2021,285.4200134,305.019989,284.8200073,304.6499939,286.769989,305.8399963,283.7399902,302,13900200,40817600
Aug-2022,265.3900146,291.9899902,261.4700012,293.4700012,267.0499878,294.1799927,260.6600037,290.4200134,16583400,27549300
Aug-2023,314.4899902,335.1900024,316.480011,336.3399963,318.3800049,338.5400085,311.5499878,333.7000122,14808500,27761300
Aug-2024,389.1700134,424.3599854,395.1499939,424.7999878,401.0400085,427.4599915,385.5799866,421.7200012,13152800,40709200
Dec-1986,0.160589993,0.172742993,0.159722,0.171875,0.164063007,0.173611,0.157117993,0.171007007,3715200,107510400
Dec-1987,0.279514015,0.383680999,0.280382007,0.387153,0.294270992,0.388889015,0.277778,0.376735985,12672000,165600000
Dec-1988,0.328125,0.371528,0.328992993,0.369792014,0.331597,0.376735985,0.326389015,0.369792014,17121600,92188800
Dec-1989,0.536458015,0.605035007,0.534721971,0.604166985,0.545139015,0.612846971,0.520833015,0.597221971,23817600,123091200
Dec-1990,0.996528029,1.059028029,1.001736045,1.052083015,1.010416985,1.065971971,0.979166985,1.045138955,13550400,108201600
Dec-1991,2.005208015,2.307291985,2.098958015,2.317708015,2.114583015,2.333333015,2,2.28125,23995200,64996800
Dec-1992,2.6875,2.929687977,2.667968988,2.917968988,2.695312977,2.9375,2.664062977,2.875,23548800,112934400
Dec-1993,2.5,2.65625,2.492187977,2.679687977,2.515625,2.703125,2.476562977,2.65625,19916800,114502400
Dec-1994,3.765625,3.976562977,3.742187977,3.96875,3.8125,4.015625,3.671875,3.950195074,19486400,253456000
Dec-1995,5.382812977,5.90625,5.375,5.90625,5.492187977,5.921875,5.320312977,5.8125,34707200,147041600
Dec-1996,9.3125,10.6875,9.554688454,10.6875,9.65625,10.765625,9.266601563,10.640625,16246400,125725600
Dec-1997,14.859375,18.125,14.86718845,18.265625,15.09375,18.328125,14.75,17.9375,32388800,138065600
Dec-1998,30.0625,35.90625,30.53125,35.890625,31.84375,36,30.03125,35.375,13832400,89809200
Dec-1999,45.53125,59.375,45.875,59.5625,46.65625,59.96875,45.4375,58.5625,12517600,155571600
Dec-2000,20.375,30.25,20.75,29.9375,22,30.3125,20.15625,29.125,63106000,163173000
Dec-2001,31.91500092,34.57500076,32.38499832,34.74499893,32.61500168,34.94499969,31.89999962,34.29999924,11701600,84307600
Dec-2002,26.37000084,29.32500076,25.85000038,28.84499931,26.49500084,29.47999954,25.62999916,28.50499916,18386000,98294600
Dec-2003,25.71999931,27.48999977,25.65999985,27.52000046,26.06999969,27.54999924,25.5,27.39999962,12076900,103547100
Dec-2004,26.75,27.27000046,26.71999931,27.36000061,26.89999962,27.44000053,26.68000031,27.13999939,47594900,127843200
Dec-2005,26.14999962,27.93000031,26.14999962,28.01000023,26.30999947,28.10000038,26.10000038,27.79000092,30689200,104285500
Dec-2006,28.81999969,30.19000053,28.85000038,30.19000053,29.06999969,30.26000023,28.79999924,30.03000069,26690600,108854900
Dec-2007,32.74000168,36.40999985,32.77000046,36.61000061,33.24000168,36.72000122,32.63000107,36.25999832,29622600,84894700
Dec-2008,18.64999962,20.81999969,18.61000061,21.01000023,19.20999908,21.25,18.46999931,20.45999908,16880400,113530400
Dec-2009,29.46999931,31.35000038,29.56999969,31.38999939,29.73999977,31.5,29.25,31.22999954,11083900,94118000
Dec-2010,25.56999969,28.12000084,26.04000092,28.29999924,26.25,28.39999962,25.55999947,27.97999954,19502500,91759200
Dec-2011,25.40999985,26.11000061,25.21999931,26.04000092,25.56999969,26.19000053,25.15999985,25.93000031,21287200,101408100
Dec-2012,26.37999916,27.69000053,26.37000084,27.68000031,26.62999916,27.72999954,26.26000023,27.25,20842400,98776500
Dec-2013,36.20000076,38.84999847,36.25,38.93999863,36.54999924,38.97999954,35.52999878,38.36999893,14243000,116305000
Dec-2014,45.04999924,48.84000015,45.15999985,48.84000015,45.95000076,49.06000137,44.90000153,48.38000107,11437800,64551200
Dec-2015,54.11999893,56.47000122,54.06000137,56.54999924,55.09999847,56.84999847,53.68000031,56.29000092,9558500,84684200
Dec-2016,59.08000183,63.84000015,59.20000076,63.61999893,59.47000122,64.09999847,58.79999924,63.40999985,10250600,42453100
Dec-2017,81.33999634,87.12000275,81.08000183,86.84999847,82.68000031,87.5,80.69999695,86.23000336,9891200,53936700
Dec-2018,95.13999939,113,94.12999725,112.0899963,97.97000122,113.4199982,93.95999908,110.7300034,31333400,111242100
Dec-2019,147.4900055,159.4499969,149.3099976,158.9600067,149.4299927,159.5500031,146.6499939,158.2200012,8989200,53477500
Dec-2020,210.0500031,226.3099976,210.5200043,224.9600067,213.0800018,227.1799927,209.1100006,223.5800018,10550600,63354900
Dec-2021,320.0499878,343.1499939,319.9100037,342.5400085,322.7999878,344.2999878,317.25,340.3200073,15042000,47750300
Dec-2022,235.6499939,261.6900024,234.5299988,257.2200012,238.8699951,263.9200134,233.8699951,254.3099976,16688600,86102000
Dec-2023,366.4500122,376.7600098,365.9299927,376.0400085,369.519989,378.1600037,362.8999939,374.1600037,12673100,78478200
Dec-2024,421.5700073,451.3200073,421.5,454.4599915,426.730011,456.1600037,420.6600037,449.5700073,7164500,64263700
Feb-1987,0.236111,0.268229008,0.236111,0.268229008,0.237847,0.276042014,0.230903,0.262153,31737600,317750400
Feb-1988,0.352430999,0.414930999,0.354167014,0.415798992,0.364582986,0.421875,0.345485985,0.413194001,29923200,114710400
Feb-1989,0.407985985,0.4375,0.407985985,0.442707986,0.414930999,0.449653,0.40625,0.432292014,29692800,199036800
Feb-1990,0.642360985,0.690971971,0.647569001,0.696180999,0.654514015,0.697916985,0.640625,0.680555999,35870400,134150400
Feb-1991,1.375,1.475693941,1.376736045,1.46875,1.399306059,1.513888955,1.350693941,1.434028029,52552800,152337600
Feb-1992,2.385416985,2.635416985,2.385416985,2.651041985,2.427083015,2.6875,2.354166985,2.619791985,36499200,145372800
Feb-1993,2.4375,2.796875,2.398437977,2.78125,2.515625,2.820312977,2.398437977,2.75,29833600,177216000
Feb-1994,2.453125,2.65625,2.457031012,2.660156012,2.484375,2.679687977,2.4375,2.640625,28876800,149875200
Feb-1995,3.671875,3.882812977,3.6875,3.9375,3.710937977,3.953125,3.648437977,3.859375,28592000,147001600
Feb-1996,5.765625,6.4375,5.8125,6.46875,5.882812977,6.476562977,5.75,6.367187977,44686400,126480000
Feb-1997,11.78125,12.890625,11.875,12.890625,11.921875,12.9375,11.75,12.640625,48849600,110099200
Feb-1998,18.96875,21.390625,19.296875,21.375,19.390625,21.5,18.8125,21.140625,42203200,120803600
Feb-1999,36.859375,43.859375,36.4375,43.234375,37.25,43.984375,35.99609375,42.703125,59273200,127945200
Feb-2000,45.125,54.71875,44.6875,54.96875,45.875,55,44.0625,53.21875,40005800,115559000
Feb-2001,27.21875,31.875,27.59375,32.34375,28.40625,32.53125,26.9375,31,51399200,126061800
Feb-2002,28.96999931,32.07500076,28.99500084,31.32999992,29.375,32.25,28.57500076,31.23500061,44973800,71347800
Feb-2003,23.20499992,24.81999969,23.21999931,24.95999908,23.54999924,24.98999977,23,24.39999962,46902700,101072000
Feb-2004,26.46999931,27.61000061,26.45999908,27.39999962,26.62000084,27.79999924,26.35000038,27.23999977,37790600,67541100
Feb-2005,25.18000031,26.42000008,25.15999985,26.45999908,25.35000038,26.5,25.12999916,26.28000069,57506600,96419200
Feb-2006,26.40999985,27.96999931,26.38999939,28.04000092,26.68000031,28.06999969,26.34000015,27.76000023,41513200,75022700
Feb-2007,27.95000076,30.84000015,27.87000084,30.55999947,28.25,30.94000053,27.79000092,30.37000084,48749000,109340300
Feb-2008,27.64999962,31.05999947,27.20000076,30.45000076,27.82999992,33.25,27.02000046,30.25,68166100,291138900
Feb-2009,16.29000092,19.63999939,16.14999962,19.65999985,16.52000046,19.93000031,16.10000038,19.26000023,47416000,122674500
Feb-2010,27.80999947,28.84000015,27.71999931,28.96999931,28.05999947,29.03000069,27.56999969,28.69000053,36707100,85931100
Feb-2011,26.53000069,28.19000053,26.54999924,28.28000069,26.86000061,28.34000015,26.43000031,28.04999924,34904200,83939700
Feb-2012,29.79000092,31.88999939,29.88999939,31.87000084,30.04999924,32,29.70999908,31.61000061,28039700,94705100
Feb-2013,27.35000038,28.12999916,27.28000069,28.04999924,27.38999939,28.20000076,27.10000038,27.87999916,31425900,55565900
Feb-2014,35.79999924,37.97999954,35.81999969,38.31000137,36.25,38.45999908,35.68999863,37.86000061,26767000,64063100
Feb-2015,40.59000015,44.15000153,41.27999878,44.15000153,41.36999893,44.29999924,40.22999954,43.91999817,25271700,52082400
Feb-2016,48.68000031,54.88000107,49.27999878,54.70999908,49.56999969,55.09000015,48.18999863,54.5,25008300,62009000
Feb-2017,63.25,64.73999786,63.16999817,64.72000122,63.40999985,65.23999786,62.75,64.44999695,15871500,45827000
Feb-2018,86.30000305,95.73999786,85.01000214,95.41999817,88.93000031,96.06999969,83.83000183,94.25,24392800,67998600
Feb-2019,102.8700027,112.0400009,102.7799988,112.3600006,104.0999985,113.2399979,102.3499985,111.7300034,18038500,35535700
Feb-2020,152.4100037,190.6499939,158.1799927,188.6999969,163.7100067,190.6999969,152,186.4700012,23149500,97012700
Feb-2021,230.0099945,245.0299988,228.9900055,244.9900055,234.5899963,246.1300049,227.8800049,242.9199982,15751100,39542200
Feb-2022,272.5100098,310.4100037,280.269989,313.4599915,291.5400085,315.1199951,271.519989,308.8800049,27058300,56989700
Feb-2023,248,273.7999878,249.2200012,272.1700134,251,276.7600098,245.4700012,269.2799988,21190000,54686000
Feb-2024,400.1700134,420.5599976,402.1799927,420.5499878,402.2900085,420.8200073,397.2200012,415.0899963,13183100,31947300
Feb-2025,411.6000061,411.6000061,410.9200134,410.9200134,415.4100037,415.4100037,408.6600037,408.6600037,25580600,25580600
Jan-1987,0.165799007,0.258680999,0.165799007,0.258680999,0.169271007,0.269097,0.164930999,0.241319001,12643200,317894400
Jan-1988,0.376735985,0.418403,0.374132007,0.420139015,0.388020992,0.428819001,0.364582986,0.401042014,29318400,208800000
Jan-1989,0.359375,0.409722,0.357639015,0.414063007,0.359375,0.418403,0.348957986,0.40625,27532800,166420800
Jan-1990,0.591145992,0.661458015,0.598089993,0.659721971,0.604166985,0.666666985,0.583333015,0.649305999,53035200,292363200
Jan-1991,1.027778029,1.340278029,1.020833015,1.362846971,1.045138955,1.381943941,1.013888955,1.333333015,38109600,163526400
Jan-1992,2.307291985,2.734375,2.354166985,2.739583015,2.380208015,2.776041985,2.28125,2.671875,37756800,120019200
Jan-1993,2.65625,2.882812977,2.660156012,2.851562977,2.679687977,2.9375,2.640625,2.828125,39424000,181958400
Jan-1994,2.507812977,2.695312977,2.503906012,2.695312977,2.523437977,2.71875,2.476562977,2.65625,30755200,145004800
Jan-1995,3.695312977,4.054687977,3.6875,4.066405773,3.734375,4.078125,3.640625,4.023437977,26996800,82388800
Jan-1996,5.03125,5.726562977,5.011719227,5.78125,5.203125,5.828125,4.992187977,5.679687977,11377600,227440000
Jan-1997,10.25,12.734375,10.203125,12.75,10.390625,12.90625,10.09375,12.609375,36880800,146220800
Jan-1998,15.578125,18.6171875,15.875,18.6484375,16.25,18.765625,15.546875,18.453125,39748000,159139200
Jan-1999,34,43.6875,35.25,43.75,36.3125,43.78125,34,42.71875,46463200,125481200
Jan-2000,48.8125,58.6875,48.9375,58.28125,49.09375,59.3125,47.4375,56.125,44963600,97568200
Jan-2001,21.59375,32.25,21.6875,32.25,22.5,32.375,21.4375,31.75,57276800,209348800
Jan-2002,31.22500038,34.875,31.15999985,34.93000031,31.45000076,35.31000137,30.66500092,34.33499908,41622000,107140400
Jan-2003,23.72500038,28.5,23.72999954,28.48500061,24.17499924,28.65999985,23.51499939,28.09499931,54206400,155876000
Jan-2004,27.52000046,28.63999939,27.43000031,28.79999924,27.63999939,28.82999992,27.26000023,28.31999969,40528700,127259100
Jan-2005,25.76000023,26.87000084,25.64999962,26.84000015,26,27.10000038,25.63999939,26.76000023,58114100,110466500
Jan-2006,26.25,27.90999985,26.28000069,28.14999962,26.45000076,28.37999916,26.10000038,27.87000084,41418000,134520700
Jan-2007,29.62999916,31.26000023,29.63999939,31.20999908,29.75,31.47999954,29.39999962,31.03000069,44607200,103972500
Jan-2008,31.47999954,35.79000092,31.93000031,35.36999893,32.04999924,35.95999908,31.04000092,35,49599600,196992300
Jan-2009,16.96999931,20.75,17.10000038,20.76000023,17.48999977,21,16.75,20.61000061,49192800,222436600
Jan-2010,29.20000076,31.07999992,28.18000031,31.10000038,29.65999985,31.23999977,27.65999985,30.70999908,38409100,193888500
Jan-2011,27.77000046,28.89999962,27.72999954,28.87000084,27.89999962,29.45999908,27.42000008,28.5,42436600,146938600
Jan-2012,26.54999924,29.65999985,26.77000046,29.72999954,26.95999908,29.95000076,26.38999939,29.39999962,44187700,165902900
Jan-2013,26.48999977,28.01000023,26.45999908,28.01000023,26.75,28.22999954,26.28000069,27.76000023,37110400,101739300
Jan-2014,34.72999954,37.45000076,34.97999954,37.84000015,35.88000107,37.88999939,34.63000107,37.09999847,21904300,93162300
Jan-2015,40.93000031,47.61000061,40.40000153,47.59000015,41.58000183,47.90999985,40.34999847,46.90000153,23651900,169164000
Jan-2016,49.97999954,54.93000031,50.47999954,55.09000015,51.38000107,55.38999939,49.09999847,54.54000092,28900800,83611700
Jan-2017,62.18999863,65.69000244,62.29999924,65.77999878,62.65999985,65.91000366,61.95000076,64.88999939,18451700,44818000
Jan-2018,86.05999756,95.13999939,85.94999695,95.01000214,86.30999756,95.44999695,85.5,93.72000122,17808900,48756300
Jan-2019,99.55000305,107.4599991,97.40000153,107.7099991,100.1900024,107.9000015,97.19999695,106.1999969,23164800,55636400
Jan-2020,157.0800018,174.0500031,157.5800018,172.7799988,159.1000061,174.0500031,156.5099945,170.7899933,19680800,51597500
Jan-2021,212.1699982,238,212.25,238.9299927,214.5099945,242.6399994,211.9400024,235.0899963,20087100,69870600
Jan-2022,291.519989,335.3500061,288.4899902,334.75,294.9899902,338,276.0499878,329.7799988,28865100,90428900
Jan-2023,223,248.9900055,222.3099976,248.1600037,225.7599945,249.8300018,219.3500061,246.8300018,21333300,66526600
Jan-2024,368.9700012,412.2600098,367.75,409.7200012,372.0599976,415.3200073,366.5,406.4500122,17803300,47871100
Jan-2025,415.2399902,446.6900024,414.9899902,447.2000122,418.5,448.3800049,410.7200012,441.5,15054600,54586300
Jul-1986,0.094618,0.108507,0.094618,0.108507,0.09809,0.109375,0.090278,0.107639,3513600,52617600
Jul-1987,0.315972,0.364582986,0.313367993,0.364582986,0.328992993,0.367188007,0.307292014,0.355035007,21945600,197078400
Jul-1988,0.399305999,0.484375,0.400173992,0.483507007,0.40625,0.489582986,0.394097,0.475694001,20102400,228960000
Jul-1989,0.366319001,0.387153,0.361110985,0.383680999,0.369792014,0.395832986,0.357639015,0.376735985,14688000,326030400
Jul-1990,0.947916985,1.102431059,0.923610985,1.100693941,0.953125,1.121528029,0.913194001,1.090278029,28922400,303321600
Jul-1991,1.265625,1.520833015,1.286458015,1.53125,1.328125,1.541666985,1.260416985,1.515625,24441600,191630400
Jul-1992,2.125,2.328125,2.125,2.3125,2.15625,2.335937977,2.046875,2.28125,28905600,145273600
Jul-1993,2.28125,2.757812977,2.3125,2.726562977,2.320312977,2.765625,2.25,2.703125,25404800,287936000
Jul-1994,3.015625,3.226562977,2.984375,3.21875,3.015625,3.234375,2.929687977,3.140625,29291200,152916800
Jul-1995,5.664062977,6.734375,5.65625,6.8125,5.695312977,6.828125,5.53125,6.65625,16763200,305092800
Jul-1996,6.84375,7.648437977,6.914062977,7.644530773,7.109375,7.679687977,6.71875,7.578125,35331200,257678400
Jul-1997,15.703125,18.8125,15.61718845,18.6875,15.859375,18.84375,15.40625,18.3125,28764000,158927200
Jul-1998,26.71875,29.5625,26.8125,29.484375,27.015625,29.90625,26.34375,29.203125,27321200,83108400
Jul-1999,43.8125,50,42.90625,49.71875,44.3125,50.375,42.75,48.90625,30845000,115369800
Jul-2000,33.9375,40.6328125,33.90625,41,34.75,41.4375,33.625,40.28125,15734800,139924600
Jul-2001,32.10499954,36.02500153,32.24000168,36.28499985,33.125,36.57500076,32.09999847,35.61000061,28037400,128078000
Jul-2002,20.875,27.20499992,21.41500092,27.42499924,22.70499992,27.46500015,20.70499992,26.52499962,35673600,202307800
Jul-2003,25.59000015,27.62999916,26,27.70000076,26.20000076,27.80999947,25.38999939,27.25,39440900,94069300
Jul-2004,27.39999962,29.88999939,27.47999954,29,27.95000076,29.88999939,27.25,28.82999992,36690100,201518000
Jul-2005,24.57999992,26.29999924,24.64999962,26.44000053,24.70999908,26.47999954,24.5,26,39668000,113290100
Jul-2006,22.28000069,24.57999992,22.26000023,24.37000084,22.54999924,24.60000038,22.22999954,24.10000038,25711400,175483800
Jul-2007,29.23999977,31.36000061,28.98999977,31.51000023,29.48999977,31.84000015,28.95000076,31.12000084,33831400,121159300
Jul-2008,24.93000031,27.57999992,25.14999962,27.52000046,25.63999939,27.90999985,24.87000084,27.11000061,37074500,150277000
Jul-2009,22.19000053,24.93000031,22.38999939,25.55999947,22.54000092,25.71999931,22,24.84000015,43229200,215135700
Jul-2010,23.09000015,26.13999939,23.15999985,26.15999985,23.31999969,26.40999985,22.72999954,25.95999908,38181800,108520100
Jul-2011,25.93000031,27.87999916,26.02000046,28.07999992,26.14999962,28.14999962,25.84000015,27.78000069,37805300,108482400
Jul-2012,28.76000023,31,28.62999916,30.76000023,29.18000031,31.04999924,28.54000092,30.37999916,20938100,64021700
Jul-2013,31.26000023,36.34000015,31.38999939,36.27000046,31.60000038,36.43000031,31.02000046,35.95999908,15994400,248428500
Jul-2014,41.36999893,45.45000076,41.66999817,44.86999893,41.90000153,45.70999908,41.04999924,44.61999893,15969300,82180300
Jul-2015,43.95999908,47.29000092,44.24000168,47.27999878,44.47999954,47.40000153,43.31999969,46.5,21752000,59152400
Jul-2016,50.77999878,56.61000061,51.15999985,56.75999832,51.27999878,57.29000092,50.38999939,56.50999832,19585200,89893300
Jul-2017,68.26000214,74.33999634,68.16999817,74.22000122,68.77999878,74.41999817,68.01999664,73.80999756,15014500,46717100
Jul-2018,98.09999847,110.7399979,99.05000305,110.8300018,99.91999817,111.1500015,98,109.5,14670300,56004000
Jul-2019,135.5500031,141.5,135.6799927,141.3399963,136.5899963,141.6799927,134.6699982,140.3000031,13629300,48992400
Jul-2020,200.4199982,216.3300018,201.3000031,214.3200073,202.8600006,216.3800049,197.5099945,211.4700012,19632600,67457000
Jul-2021,269.6099854,289.4299927,271.6000061,289.6700134,271.8399963,290.1499939,269.6000061,286.6400146,16725300,33604100
Jul-2022,250.1900024,277.7000122,251.8999939,280.7399902,253.5500031,282,245.9400024,276.6300049,19455200,45994000
Jul-2023,331.0599976,361.75,330.7200012,359.4899902,332.8599854,366.7799988,327,352.4400024,12508700,69368900
Jul-2024,418.2000122,467,418.3500061,467.5599976,421.7799988,468.3500061,412.2099915,464.4599915,9932800,42891400
Jun-1986,0.103298999,0.121528,0.103298999,0.118923999,0.105035,0.121528,0.102430999,0.118055999,2304000,62352000
Jun-1987,0.338542014,0.400173992,0.338542014,0.393229008,0.346354008,0.400173992,0.334201008,0.392360985,20390400,268704000
Jun-1988,0.404514015,0.465278,0.409722,0.465278,0.414930999,0.46875,0.401042014,0.458332986,23630400,127324800
Jun-1989,0.361110985,0.418403,0.361110985,0.416667014,0.367188007,0.421875,0.355903,0.414930999,27158400,80496000
Jun-1990,1,1.076388955,1,1.078125,1.024306059,1.079861045,0.986110985,1.057291985,30052800,90122400
Jun-1991,1.375,1.579861045,1.362846971,1.576388955,1.392361045,1.59375,1.354166985,1.5625,29419200,187999200
Jun-1992,2.140625,2.588541985,2.085937977,2.588541985,2.179687977,2.59375,2.054687977,2.552083015,28190400,165340800
Jun-1993,2.75,2.992187977,2.734375,3.007812977,2.789062977,3.0625,2.710937977,2.976562977,23936000,173088000
Jun-1994,3.109375,3.390625,3.09375,3.40625,3.148437977,3.414062977,3.078125,3.34375,40827200,764504000
Jun-1995,5.164062977,5.742187977,5.195312977,5.742187977,5.257812977,5.773437977,5.109375,5.664062977,29320000,107286400
Jun-1996,7.351562977,7.820312977,7.367187977,7.8125,7.429687977,7.867187977,7.265625,7.734375,31684800,102228800
Jun-1997,15.03320313,16.65625,14.89843845,16.7734375,15.1875,16.8671875,14.78125,16.359375,35724800,65519200
Jun-1998,20.96875,26.46875,20.9375,27.09375,21.15234375,27.140625,20.78125,26.3125,18886400,124675200
Jun-1999,38.46875,44.21875,38.1875,45.09375,39.3125,45.125,38.0625,43.375,24933000,69116200
Jun-2000,32.1875,40.6875,32.28125,40.34375,33,41.09375,31.90625,39.65625,31071200,160399600
Jun-2001,33.56999969,36.84999847,33.43999863,36.84000015,33.97999954,38.07500076,33.00500107,36.04000092,43736600,128975600
Jun-2002,24.75,27.82999992,24.70999908,27.99500084,25.61499977,28.21999931,24.58499908,27.68499947,66969400,136198600
Jun-2003,23.71999931,26.34000015,23.67000008,26.32999992,23.97999954,26.51000023,23.60000038,26.01000023,48073100,122213900
Jun-2004,26.02000046,28.60000038,25.88999939,28.56999969,26.12999916,28.79999924,25.86000061,28.38999939,45933100,134218700
Jun-2005,24.97999954,25.72999954,24.84000015,25.80999947,25.13999939,26,24.81999969,25.63999939,27212500,105159800
Jun-2006,21.59000015,23.54000092,21.51000023,23.46999931,21.94000053,23.64999962,21.45999908,23.29999924,52573800,147506500
Jun-2007,29.36000061,30.86000061,29.46999931,30.71999931,29.77000046,30.89999962,29.04000092,30.54999924,38217500,100933000
Jun-2008,27.28000069,29.04000092,27.12000084,29.06999969,27.63999939,29.56999969,27.11000061,28.79000092,44256700,131969100
Jun-2009,21,24.04000092,21.39999962,24.06999969,21.5,24.34000015,20.86000061,23.75,42330000,115459000
Jun-2010,23.29999924,26.78000069,23.01000023,26.86000061,23.68000031,26.93000031,22.95000076,26.40999985,47995500,156256700
Jun-2011,23.75,25.73999977,23.70999908,26,24.01000023,26,23.64999962,25.65999985,41112600,101387200
Jun-2012,28.51000023,30.95999908,28.45000076,30.93000031,28.75,31.13999939,28.31999969,30.63999939,32984600,75725800
Jun-2013,32.93999863,35.61999893,33.27000046,35.66999817,33.72999954,35.77999878,32.56999969,35.13999939,28616500,85338500
Jun-2014,40.20999908,42.16999817,40.29000092,42.25,40.36999893,42.29000092,39.86000061,41.70000076,15019200,74640000
Jun-2015,44.70999908,47.36999893,44.15000153,47.22999954,44.72000122,47.77000046,43.93999863,46.81999969,20318100,63837000
Jun-2016,48.91999817,52.63999939,48.43000031,52.84999847,49.15000153,52.95000076,48.04000092,52.43999863,18243300,133503000
Jun-2017,68.77999878,72.63999939,68.48999786,72.51999664,69.37999725,72.88999939,68.08999634,72.26999664,19607000,49187400
Jun-2018,97.37999725,102.6500015,97.54000092,102.4899979,99.11000061,102.6900024,97.26000214,101.9000015,18325200,65738600
Jun-2019,121.2799988,137.4499969,119.8399963,137.7799988,123.2799988,138.3999939,119.0100021,137,14517800,37983600
Jun-2020,182.5399933,202.0899963,182.8300018,203.5099945,183,204.3999939,181.3500061,201.4299927,22622400,54675800
Jun-2021,245.2200012,270.6900024,245.7100067,271.3999939,246.3399963,271.6499939,243,269.6000061,17937600,37202200
Jun-2022,243.8600006,275.2000122,242.2599945,274.5799866,245.7400055,277.6900024,241.5099945,270.0400085,17372300,46135800
Jun-2023,323.9400024,351.3200073,323.3800049,348.1000061,326.6400146,351.4700012,322.5,341.9500122,16997000,46533600
Jun-2024,412.4299927,453.0700073,413.519989,452.8500061,416.4299927,456.1700134,408.9200134,451.769989,13582000,34486200
Mar-1986,0.088541999,0.102430999,0.090278,0.102430999,0.092014,0.103298999,0.088541999,0.100694001,12873600,1031788800
Mar-1987,0.258680999,0.331597,0.258680999,0.335938007,0.261285007,0.34375,0.255207986,0.331597,33379200,186134400
Mar-1988,0.378472,0.451389015,0.380207986,0.449653,0.392360985,0.454860985,0.376735985,0.442707986,43300800,198720000
Mar-1989,0.322048992,0.428819001,0.322917014,0.430555999,0.322917014,0.432292014,0.317707986,0.423610985,29736000,788688000
Mar-1990,0.684028029,0.809028029,0.694444001,0.809028029,0.706596971,0.8125,0.684028029,0.784721971,36691200,130968000
Mar-1991,1.305556059,1.5625,1.302083015,1.548611045,1.326388955,1.569443941,1.291666985,1.486111045,30492000,165391200
Mar-1992,2.473958015,2.6875,2.463541985,2.677083015,2.510416985,2.713541985,2.432291985,2.661458015,27734400,111576000
Mar-1993,2.554687977,2.851562977,2.546875,2.890625,2.617187977,2.945312977,2.539062977,2.835937977,26432000,179660800
Mar-1994,2.53125,2.734375,2.527343988,2.734375,2.539062977,2.789062977,2.492187977,2.71875,24723200,118403200
Mar-1995,3.945312977,4.601562977,3.953125,4.617187977,3.984375,4.632812977,3.921875,4.570312977,26038400,140096000
Mar-1996,5.945312977,6.648437977,5.945312977,6.679687977,6.039062977,6.691405773,5.914062977,6.546875,44256000,157652800
Mar-1997,11.328125,12.59375,11.265625,12.609375,11.421875,12.625,10.953125,12.40625,43234400,186269600
Mar-1998,19.8125,22.625,19.8984375,22.375,20.359375,22.734375,19.8125,22.125,27463200,124244800
Mar-1999,37.25,47.25,37.140625,46.5,37.671875,47.3125,36.765625,46.125,44919600,109447600
Mar-2000,44.8125,56.3125,45.3125,55.9375,47.046875,57.5,44.46875,54.78125,47773000,148224000
Mar-2001,25.28125,30.15625,25.03125,30.34375,26.625,30.5625,24.875,29.65625,49383600,126363200
Mar-2002,29.39999962,31.83499908,29.54000092,32.16999817,29.94000053,32.5,29.15500069,31.58499908,36376400,74464200
Mar-2003,22.80999947,26.75,22.79999924,26.56999969,23.26000023,26.79999924,22.54999924,26.03000069,39584600,100983800
Mar-2004,24.37999916,26.62999916,24.14999962,26.70000076,24.57999992,26.71999931,24.01000023,26.5,44023200,127605200
Mar-2005,23.98999977,25.45000076,23.92000008,25.46999931,24.19000053,25.79000092,23.81999969,25.34000015,49802000,135904000
Mar-2006,26.70999908,27.73999977,26.85000038,27.88999939,27.10000038,28.21999931,26.62000084,27.68000031,39821800,145696100
Mar-2007,26.81999969,28.52000046,26.71999931,28.52000046,27.39999962,28.54999924,26.60000038,28.01000023,36516400,80175700
Mar-2008,27.02000046,29.43000031,26.98999977,29.42000008,27.38999939,29.59000015,26.87000084,29.05999947,45868100,106489800
Mar-2009,15.19999981,18.54000092,15.14999962,18.82999992,15.61999989,18.87999916,14.86999989,18.12000084,47670400,95184200
Mar-2010,28.45999908,30.09000015,28.45999908,30.01000023,28.61000061,30.56999969,28.23999977,29.79999924,31700200,93123900
Mar-2011,25.05999947,26.60000038,24.78000069,26.20000076,25.18000031,26.78000069,24.68000031,26.18000031,30895600,100725400
Mar-2012,31.54000092,32.90999985,31.55999947,32.84999847,31.92000008,32.95000076,31.48999977,32.58000183,31749400,77344100
Mar-2013,27.71999931,28.34000015,27.87000084,28.61000061,27.95000076,28.65999985,27.52000046,28.26000023,27824300,92710300
Mar-2014,37.65000153,40.72000122,37.70000076,40.99000168,38.00999832,41.5,37.49000168,40.40000153,19006600,80721800
Mar-2015,40.70000076,43.66999817,40.65999985,43.88000107,41.02999878,44.18999863,40.54000092,43.54999924,23193500,71904500
Mar-2016,50.79999924,54.95000076,51.02999878,55.22999954,51.79999924,55.63999939,50.58000183,54.90000153,17025100,67625500
Mar-2017,63.97000122,65.65000153,64.01000214,65.86000061,64.27999878,66.19000244,63.61999893,65.44999695,13618400,49219700
Mar-2018,89.5,97,87.18000031,96.76999664,90.45999908,97.23999786,87.08000183,96.04000092,22175800,56569000
Mar-2019,109.1600037,119.5,110.3899994,120.2200012,110.7099991,120.8199997,108.8000031,117.0899963,17687000,54681100
Mar-2020,137.0099945,173.8000031,135.4199982,172.7899933,140.5700073,175,132.5200043,165.6900024,47817300,93226400
Mar-2021,226.7400055,237.8500061,226.7299957,237.7100067,232.4700012,241.0500031,224.2599945,237.0700073,22653700,46430700
Mar-2022,277.7999878,313.9100037,275.8500061,315.4100037,283.9599915,315.9500122,270,311.5799866,22566500,48159500
Mar-2023,246.5500031,284.230011,246.2700043,288.2999878,250.9299927,289.269989,245.6100006,283,17340200,69527400
Mar-2024,402.9700012,429.8299866,402.0899963,429.3699951,405.1600037,430.8200073,398.3900146,427.1600037,16120800,45049800
May-1986,0.107639,0.118055999,0.107639,0.121528,0.108507,0.123264,0.107639,0.118055999,3254400,61977600
May-1987,0.361110985,0.439235985,0.364582986,0.439235985,0.365451008,0.445313007,0.356770992,0.426649004,34531200,289699200
May-1988,0.378472,0.409722,0.381944001,0.404514015,0.383680999,0.411457986,0.371528,0.402778,17913600,81374400
May-1989,0.359375,0.409722,0.357639015,0.420139015,0.362847,0.423610985,0.354167014,0.409722,28857600,97545600
May-1990,0.795139015,1.065971971,0.793403029,1.0625,0.8125,1.09375,0.788194001,1.055556059,33264000,159595200
May-1991,1.368056059,1.545138955,1.361111045,1.538193941,1.381943941,1.5625,1.342013955,1.527778029,23047200,111628800
May-1992,2.296875,2.494791985,2.291666985,2.520833015,2.322916985,2.546875,2.276041985,2.489583015,31166400,89918400
May-1993,2.671875,2.96875,2.671875,2.976562977,2.6875,2.984375,2.640625,2.90625,27763200,181017600
May-1994,2.867187977,3.296875,2.882812977,3.359375,2.925781012,3.360352039,2.839843988,3.242187977,41929600,179920000
May-1995,4.945312977,5.574219227,4.953125,5.578125,5.023437977,5.59375,4.929687977,5.445312977,35232000,119756800
May-1996,6.9375,7.453125,6.929687977,7.4375,7.023437977,7.5,6.851562977,7.390625,26443200,95606400
May-1997,14.40625,15.90625,14.390625,15.828125,14.625,16.1328125,14.359375,15.625,28904800,111063200
May-1998,20.46875,22.546875,20.84375,22.40625,21.4375,22.75,20.46875,22.1875,30746800,96274800
May-1999,38.375,40.71875,38.125,40.34375,38.9375,40.90625,37.75,39.71875,38990000,84401000
May-2000,31.03125,36.4375,30.71875,36.71875,31.3125,37,30.1875,35.84375,33899600,107811000
May-2001,33.83000183,35.875,34.04499817,36.02999878,34.59999847,36.07500076,33.625,35.375,44968000,119538400
May-2002,24.59000015,28.10499954,24.30999947,28.01499939,25.14500046,28.21999931,24.17499924,27.63500023,35982000,101242000
May-2003,24.20000076,26.25,24.03000069,26.37000084,24.27000046,26.5,23.88999939,26.05999947,42085800,108960900
May-2004,25.46999931,26.35000038,25.54000092,26.35000038,25.79000092,26.60000038,25.42000008,26.25,37393000,68290200
May-2005,24.84000015,25.98999977,24.89999962,26.06999969,24.96999931,26.09000015,24.63999939,25.80999947,35749000,86864200
May-2006,22.47999954,24.48999977,22.55999947,24.29000092,22.89999962,25,22.45000076,24.09000015,46861600,211527100
May-2007,29.94000053,31.12000084,30.17000008,31.11000061,30.42000008,31.15999985,29.89999962,30.95999908,39999500,104385900
May-2008,28.11000061,30.46999931,28.04999924,30.45000076,28.32999992,30.53000069,27.95000076,29.94000053,47334500,119687700
May-2009,19.20000076,20.55999947,19.31999969,20.88999939,19.63999939,20.94000053,19.01000023,20.29999924,37318700,71966800
May-2010,25.64999962,30.67000008,25.01000023,30.86000061,26.12000084,31.05999947,24.55999947,30.57999992,43989500,176684100
May-2011,24.17000008,26.06999969,24.14999962,26.05999947,24.25,26.25,24.03000069,25.79000092,34904200,120798700
May-2012,29.10000038,32.04999924,29.05999947,32.00999832,29.29999924,32.34000015,28.63999939,31.95000076,29507200,65171000
May-2013,32.61000061,35.09999847,32.65999985,35.08000183,32.72000122,35.27999878,32.31999969,34.81000137,33174400,66047500
May-2014,39.22000122,40.45000076,39.06000137,40.93999863,39.34999847,40.97000122,38.50999832,40.25,18020000,43416600
May-2015,46.27000046,48.86999893,46.27999878,48.72000122,46.88000107,48.90999985,46.02000046,48.40000153,19283700,52433000
May-2016,49.84000015,52.25999832,49.77999878,53,50.06000137,53,49.45999908,52.08000183,17721400,37653100
May-2017,67.40000153,70.52999878,67.48000336,70.41000366,68.09999847,70.73999786,67.13999939,69.80999756,14593900,34956000
May-2018,92.95999908,99.29000092,93.51000214,98.94999695,94.93000031,99.98999786,92.44999695,98.61000061,15441200,34140900
May-2019,123.8700027,130.5299988,123.3499985,128.9299927,124.6200027,130.6499939,123.0400009,127.9199982,14123400,36017700
May-2020,174.4900055,186.8000031,174.5700073,186.7400055,178.6399994,187.5099945,173.8000031,183.9600067,20826900,46610400
May-2021,239.3099976,253.3999939,239,252.4600067,243.2299957,254.3500061,238.0700073,251.1699982,17704300,36684400
May-2022,253.8999939,285.5400085,252.5599976,289.980011,257.6700134,290.8800049,246.4400024,280.1499939,25002100,51033800
May-2023,305.7200012,335.230011,304.3999939,332.8900146,307.7600098,335.9400024,303.3999939,330.519989,16336500,45950600
May-2024,392.6099854,432.9700012,394.9400024,430.519989,399.9299927,433.6000061,390.3099976,427.1300049,11792300,47995300
Nov-1986,0.135416999,0.177083001,0.137153,0.177083001,0.138021007,0.177950993,0.135416999,0.175347,11894400,173836800
Nov-1987,0.307292014,0.352430999,0.310764015,0.350694001,0.3125,0.361110985,0.28125,0.340278,18316800,164160000
Nov-1988,0.319444001,0.345485985,0.319444001,0.345485985,0.321180999,0.350694001,0.314235985,0.340278,11462400,221803200
Nov-1989,0.53125,0.618055999,0.529514015,0.614583015,0.546875,0.619791985,0.527778029,0.607639015,17971200,226051200
Nov-1990,0.875,1.003471971,0.881944001,1.003471971,0.892360985,1.03125,0.871528029,0.979166985,22060800,87660000
Nov-1991,1.901041985,2.114583015,1.895833015,2.104166985,1.927083015,2.119791985,1.890625,2.057291985,15009600,80035200
Nov-1992,2.757812977,2.9375,2.757812977,2.96875,2.804687977,2.96875,2.726562977,2.929687977,17593600,309884800
Nov-1993,2.382812977,2.585937977,2.390625,2.570312977,2.453125,2.59375,2.375,2.554687977,6403200,98256000
Nov-1994,3.84375,4.046875,3.84375,4.039062977,3.875,4.070312977,3.796875,4.03125,12563200,132899200
Nov-1995,5.367187977,6.257812977,5.375,6.25,5.515625,6.3125,5.265625,6.171875,15014400,195126400
Nov-1996,8.578125,9.75,8.585938454,9.804688454,8.648438454,9.875,8.53125,9.71875,17152000,130718400
Nov-1997,16.2578125,17.65625,16.1484375,17.6953125,16.375,17.78125,16.125,17.640625,17392800,68220800
Nov-1998,26.328125,32.34375,26.296875,32.015625,26.640625,32.56640625,26.1875,31.078125,26335600,110870400
Nov-1999,42.21875,46.625,42.46875,46.28125,42.90625,47.25,42.1875,46.0625,28514200,243819200
Nov-2000,31,35.71875,28.6875,35.4375,31.03125,36.1875,28.5,35.3125,34439200,206149400
Nov-2001,30.04000092,34.11500168,30.70000076,33.95000076,31.125,34.16999817,29.79999924,33.29999924,15754600,109671200
Nov-2002,26.21500015,29.21500015,26.5,29.11499977,26.62000084,29.31999969,25.95000076,28.84000015,28393000,139964200
Nov-2003,25.17000008,26.59000015,25.10000038,26.68000031,25.37999916,26.75,24.84000015,26.29000092,33402600,106868300
Nov-2004,26.52000046,30.15999985,26.53000069,29.97999954,26.70000076,30.20000076,26.10000038,29.81999969,24398700,162269000
Nov-2005,25.61000061,28.12000084,25.95999908,28.15999985,26.10000038,28.25,25.61000061,27.89999962,44082500,104253300
Nov-2006,28.70999908,29.96999931,28.72999954,29.92000008,28.86000061,30,28.57999992,29.81999969,20456700,89407500
Nov-2007,33.27000046,37.22000122,32.97000122,37.06000137,33.59999847,37.5,32.68000031,36.63000107,33467200,152078800
Nov-2008,18.02000046,23.32999992,17.53000069,23.53000069,18.84000015,23.65999985,17.5,22.87000084,28650800,157231900
Nov-2009,27.63999939,30,27.53000069,30.11000061,27.73999977,30.13999939,27.40999985,29.80999947,29357900,75648900
Nov-2010,25.04999924,27.45999908,25.12000084,27.38999939,25.40999985,28.87000084,24.93000031,27.02000046,21356500,110953700
Nov-2011,24.37999916,27.01000023,24.29999924,27.15999985,24.67000008,27.20000076,24.29999924,26.69000053,26164600,81350900
Nov-2012,26.67000008,29.81999969,26.52000046,29.86000061,26.70000076,30.20000076,26.34000015,29.61000061,38070800,131689200
Nov-2013,35.59000015,37.95999908,35.52999878,38.18000031,35.68999863,38.29000092,35.38999939,37.81999969,22090400,88948800
Nov-2014,46.88999939,49.74000168,47.43999863,49.61000061,47.45999908,50.04999924,46.72999954,49.38999939,21510600,42884800
Nov-2015,52.84999847,54.54999924,52.84000015,54.91999817,53.29000092,54.97999954,52.52999878,54.06000137,9009100,56241400
Nov-2016,58.22999954,61.00999832,58.11999893,61.11999893,59.08000183,61.40999985,57.27999878,60.81000137,8409600,57822400
Nov-2017,82.40000153,84.76999664,82.40000153,84.87999725,82.58999634,85.05999756,82.23999786,84.08000183,7425600,33054600
Nov-2018,101.8000031,111.8000031,101.7099991,111.9599991,102.9700012,112.2399979,99.34999847,110.9100037,13823100,64052500
Nov-2019,143.8399963,152.3300018,143.7200012,152.3200073,144.4199982,152.5,142.9700012,151.5200043,11977300,33128400
Nov-2020,203.8899994,224.4400024,202.3300018,223.7200012,205.2799988,228.1199951,200.1199951,221.1499939,14512200,44395000
Nov-2021,330.3099976,344.6199951,329.3699951,343.1099854,331.4899902,349.6700134,326.3699951,342.2000122,16723000,42885600
Nov-2022,217.5500031,247.3099976,214.25,255.1399994,220.4100037,255.3300018,213.4299927,246.7299957,9200800,47594200
Nov-2023,339.7900085,383.7600098,346.0700073,382.7000122,347.4200134,384.2999878,339.6499939,378.1600037,10176600,52465100
Nov-2024,408.3699951,425.3200073,408.4599915,427.9899902,410.4200134,429.3299866,405.5700073,422.019989,16271900,30246900
Oct-1986,0.097222,0.137586996,0.097222,0.137586996,0.098958001,0.139757007,0.095486,0.134549007,12873600,142646400
Oct-1987,0.277778,0.548610985,0.272569001,0.548610985,0.295139015,0.550346971,0.258680999,0.510416985,93888000,324000000
Oct-1988,0.342014015,0.371528,0.340278,0.371528,0.342014015,0.375,0.331597,0.366319001,24264000,208065600
Oct-1989,0.473957986,0.588541985,0.479167014,0.592014015,0.486110985,0.597221971,0.472222,0.572916985,45921600,284760000
Oct-1990,0.760416985,0.947916985,0.758680999,0.932291985,0.788194001,0.951389015,0.743055999,0.909721971,38678400,300888000
Oct-1991,1.802083015,1.96875,1.8125,1.96875,1.838541985,1.984375,1.796875,1.942708015,19627200,100200000
Oct-1992,2.453125,2.820312977,2.460937977,2.8125,2.492187977,2.820312977,2.367187977,2.765625,24998400,86643200
Oct-1993,2.460937977,2.65625,2.46875,2.652343988,2.5,2.679687977,2.4375,2.617187977,36457600,127142400
Oct-1994,3.398437977,3.890625,3.398437977,3.9375,3.429687977,3.984375,3.367187977,3.875,27912000,136558400
Oct-1995,5.078125,6.4375,5.195312977,6.421875,5.257812977,6.460937977,5.023437977,6.234375,60211200,294329600
Oct-1996,8.234375,8.671875,8.257813454,8.679688454,8.335938454,8.695313454,8.179688454,8.585938454,36091200,113806400
Oct-1997,16.1875,17.3125,16.078125,17.375,16.421875,17.453125,15.4375,17.265625,19051200,160057600
Oct-1998,22.640625,27.25,22.796875,27.5,22.96875,27.53125,21.9375,26.546875,47995600,144719200
Oct-1999,43.59375,47.3125,43.15625,47.46875,44,47.625,42.53125,47.0625,19943800,88090600
Oct-2000,24.8125,34.5,25.1875,34.53125,26.21875,35.0625,24.21875,34,58323600,256993200
Oct-2001,25.46999931,31.15999985,25.89500046,31.28000069,26.25,31.81500053,25.20499992,31.04000092,55129400,101778000
Oct-2002,21.90500069,26.70000076,21.88500023,26.73500061,22.53000069,27.03499985,21.59499931,26.42499924,75425800,182602400
Oct-2003,26.37000084,29.36000061,26.12000084,29.35000038,26.44000053,29.45999908,25.90999985,29.17000008,34047600,210558300
Oct-2004,27.67000008,28.80999947,27.62999916,28.70000076,27.77000046,28.88999939,27.54999924,28.46999931,38401500,101912800
Oct-2005,24.30999947,25.70999908,24.29999924,25.70000076,24.54999924,25.79999924,24.25,25.5,41310500,151666300
Oct-2006,27.31999969,28.65999985,27.36000061,28.70999908,27.47999954,28.85000038,27.14999962,28.55999947,33366300,129751900
Oct-2007,29.45999908,36.00999832,29.45000076,36.81000137,29.77000046,37,29.29000092,35.50999832,30265400,288121200
Oct-2008,21.05999947,26.37999916,21.18000031,26.47999954,21.95999908,27.46999931,20.64999962,26.28000069,88957000,228467500
Oct-2009,24.45999908,29.20000076,24.63999939,28.68000031,25.05999947,29.35000038,24.43000031,28.44000053,29145800,281761000
Oct-2010,23.95999908,27.14999962,23.90999985,26.67000008,23.98999977,27.20000076,23.78000069,26.47999954,25837900,114193200
Oct-2011,24.29999924,27.37000084,24.53000069,27.30999947,25.34000015,27.5,24.26000023,27.04000092,38826200,94061300
Oct-2012,27.77000046,30.22999954,27.87999916,30.03000069,28.20000076,30.25,27.76000023,29.73999977,29752000,90470800
Oct-2013,33.06999969,35.88000107,33.00999832,35.72999954,33.33000183,36.29000092,32.79999924,35.47000122,27433500,113494000
Oct-2014,42.52999878,46.93999863,42.74000168,46.95000076,43.08000183,46.97000122,42.09999847,46.47999954,20604000,61076700
Oct-2015,44.27000046,53.99000168,44.61000061,54.25,44.75,54.36999893,43.75,53.58000183,19769100,135227100
Oct-2016,56.70000076,60.84999847,56.91999817,61,57.27000046,61.36999893,56.31999969,60.79999924,16212600,80032200
Oct-2017,74.08999634,84.37000275,74.26000214,83.88999939,74.72000122,86.19999695,73.70999908,83.61000061,11386500,71066700
Oct-2018,103.6600037,115.4199982,102.3199997,115.6100006,104.3799973,116.1800003,100.1100006,114.9300003,16648000,65350900
Oct-2019,134.9499969,144.8999939,134.6499939,144.6100006,136.3699951,145.6699982,133.2200012,143.5099945,13304300,37029300
Oct-2020,203.5,223,202.4700012,222.8600006,204.2899933,225.2100067,199.6199951,220.4299927,18879600,51195600
Oct-2021,282.1199951,324.3299866,283.1099854,331.6199951,287.75,332,280.25,323.8999939,16537100,52588700
Oct-2022,219.8500061,247.9299927,225.4100037,250.6600037,227.8600006,251.0399933,219.1300049,246.0800018,19985700,82543200
Oct-2023,314.0299988,345.019989,313.3900146,340.6700134,319.980011,346.2000122,311.2099915,337.6199951,16965600,55053800
Oct-2024,410.8999939,437.4400024,406.3500061,432.5299988,415.6600037,438.5,406.2999878,432.1000061,13581600,53971000
Sep-1986,0.095486,0.106771,0.09375,0.106771,0.095486,0.109375,0.091146,0.105035,2332800,39427200
Sep-1987,0.371528,0.447917014,0.371528,0.460069001,0.388889015,0.462673992,0.368055999,0.444444001,31651200,118440000
Sep-1988,0.34375,0.381076008,0.339410007,0.378472,0.345485985,0.383680999,0.333332986,0.373264015,16056000,115329600
Sep-1989,0.402778,0.472222,0.404514015,0.475694001,0.411457986,0.482639015,0.401042014,0.470485985,27907200,181022400
Sep-1990,0.777778029,0.875,0.770833015,0.875,0.784721971,0.881944001,0.756944001,0.857639015,39268800,115617600
Sep-1991,1.677083015,1.864583015,1.666666985,1.859375,1.697916985,1.875,1.666666985,1.828125,21686400,65937600
Sep-1992,2.3125,2.546875,2.328125,2.554687977,2.332031012,2.5625,2.289062977,2.507812977,23590400,95100800
Sep-1993,2.3125,2.617187977,2.328125,2.625,2.335937977,2.632812977,2.289062977,2.570312977,25286400,91481600
Sep-1994,3.46875,3.625,3.472656012,3.640625,3.5,3.640625,3.429687977,3.59375,27105600,115568000
Sep-1995,5.5,6.109375,5.515625,6.101562977,5.546875,6.117187977,5.210937977,5.976562977,44652800,140756800
Sep-1996,7.625,8.601563454,7.59375,8.632813454,7.671875,8.664063454,7.539062977,8.515625,27126400,104849600
Sep-1997,16.46875,17.40625,16.3359375,17.4375,16.71875,17.53125,16.328125,17.296875,27505600,129003200
Sep-1998,23.8125,28.28125,24.15625,28.40625,25.0625,28.65625,23.625,27.84375,38875600,140112400
Sep-1999,45,48.4375,44.75,48.78125,45.6875,48.9375,44.40625,47.5,27870800,79773400
Sep-2000,30.40625,35.1875,30.15625,35.09375,30.65625,36.03125,29.3125,34.90625,37629800,155704800
Sep-2001,23.95999908,28.59499931,24.85499954,28.87000084,25.29999924,29.54000092,23.75,28.03499985,58524400,184976600
Sep-2002,22.41500092,25.11499977,21.87000084,24.89500046,22.52000046,25.54999924,21.55500031,24.26499939,50166200,130619200
Sep-2003,26.70000076,29.76000023,27.26000023,29.95999908,27.29999924,30,26.46999931,29.52000046,37813300,109437800
Sep-2004,27.17000008,27.59000015,27.11000061,27.64999962,27.31999969,27.79000092,26.73999977,27.52000046,35951500,73874400
Sep-2005,25.30999947,27.37999916,25.27000046,27.20000076,25.45000076,27.38999939,25.12000084,27.14999962,40550500,187384300
Sep-2006,25.43000031,27.46999931,25.43000031,27.44000053,25.70000076,27.52000046,25.38999939,27.26000023,31594600,126057700
Sep-2007,28.47999954,29.70000076,28.42000008,29.55999947,28.57999992,29.85000038,28.27000046,29.47999954,33496600,135636100
Sep-2008,24.79999924,27.67000008,24.56999969,27.62000084,25.35000038,27.76000023,23.5,27.05999947,57127700,134926100
Sep-2009,23.81999969,25.92000008,23.86000061,25.94000053,24.13999939,26.25,23.76000023,25.69000053,28878700,68016500
Sep-2010,23.67000008,25.42000008,23.85000038,25.43000031,23.95000076,25.53000069,23.54000092,25.11000061,43603300,114680400
Sep-2011,24.89999962,27.30999947,24.88999939,27.20999908,25.14999962,27.5,24.60000038,26.93000031,41961000,96278300
Sep-2012,30.17000008,31.43000031,29.76000023,31.45000076,30.26000023,31.61000061,29.73999977,31.09000015,25191800,102348900
Sep-2013,31.10000038,33.47999954,31.14999962,33.63999939,31.38999939,33.75,30.95000076,33.31999969,28504000,154507000
Sep-2014,44.52999878,47.29999924,44.95999908,47.52000046,45.11000061,47.56999969,44.52999878,46.97999954,22976800,202522400
Sep-2015,42.16999817,44.47999954,41.81999969,44.29999924,42.59000015,45,41.65999985,44.08000183,17145200,63143700
Sep-2016,56,57.91999817,56.20999908,58.02999878,56.63000107,58.18999863,55.61000061,57.66999817,16278400,44607000
Sep-2017,73.33999634,75.34999847,73.26000214,75.44000244,73.80999756,75.97000122,72.91999817,75.04000092,10883800,38578400
Sep-2018,108.2300034,114.8000031,108.2099991,114.6699982,108.7200012,115.2900009,107.2300034,114.1999969,18891100,71229700
Sep-2019,135.8300018,141.0099945,136.0399933,141.0700073,136.2700043,142.3699951,134.5099945,140.0700073,16731400,39167300
Sep-2020,197.1900024,229.2700043,200.3899994,231.6499939,202.7100067,232.8600006,196.25,227.3500061,21823900,59664100
Sep-2021,285.1000061,304.1700134,281.9200134,305.2200012,286.769989,305.3200073,281.6199951,301.8200073,14747900,43186200
Sep-2022,236.8099976,265.7799988,232.8999939,266.6499939,239.9499969,267.4500122,232.7299957,265.1600037,18747700,39791800
Sep-2023,310.9899902,339.1499939,312.1400146,338.7000122,314.2999878,340.8599854,309.4500122,336.5700073,14931200,37666900
Sep-2024,405.9100037,441.230011,401.7000122,438.6900024,408.6499939,441.8500061,400.7999878,436.8999939,13396400,55167100
